	SRR1927149	SRR1929485
K00001	1295	295
K00002	191	95
K00003	2218	770
K00004	174	97
K00005	424	350
K00007	15	95
K00008	1724	664
K00009	408	321
K00010	3036	1154
K00011	154	265
K00012	11210	2665
K00013	7297	1470
K00014	7268	1344
K00015	508	83
K00016	5170	852
K00018	3032	956
K00019	285	25
K00020	285	85
K00023	166	0
K00024	6655	1203
K00027	2184	741
K00029	7851	1209
K00030	187	102
K00031	8668	1751
K00033	554	173
K00034	100	258
K00036	33	140
K00038	155	30
K00039	7	60
K00040	2270	1229
K00041	2735	947
K00042	294	333
K00044	146	27
K00045	867	292
K00046	3099	796
K00048	1370	654
K00052	7650	1435
K00053	9565	1540
K00057	7312	1567
K00058	9208	1971
K00059	13191	3244
K00060	717	285
K00061	12	69
K00065	195	298
K00066	40	0
K00067	8256	1115
K00068	929	418
K00073	113	157
K00074	1606	643
K00075	6299	1780
K00076	527	156
K00077	5392	866
K00078	1152	251
K00086	243	36
K00087	1350	435
K00088	11693	2644
K00090	10	119
K00091	1157	291
K00094	3	33
K00096	1555	414
K00097	5790	839
K00099	9075	1955
K00100	685	48
K00101	296	217
K00102	5	12
K00104	11086	616
K00106	38	10
K00108	10	145
K00111	3465	1325
K00112	932	374
K00113	953	417
K00116	35	138
K00117	52	264
K00118	91	9
K00121	32	267
K00122	28	80
K00123	1743	963
K00124	162	350
K00125	1002	126
K00127	39	80
K00128	1297	571
K00130	81	131
K00132	30	9
K00133	9564	1995
K00134	11175	3017
K00135	70	47
K00137	18	110
K00138	77	168
K00140	129	179
K00145	7011	1468
K00146	12	128
K00147	7726	1544
K00150	63	14
K00153	14	25
K00154	6	5
K00156	12	128
K00157	29	25
K00158	4	7
K00161	11	5
K00163	60	349
K00164	50	264
K00169	1556	254
K00170	1193	55
K00171	230	38
K00172	692	101
K00174	6215	1906
K00175	4572	1274
K00176	1312	442
K00177	2684	682
K00179	4784	1104
K00180	1771	404
K00185	6	51
K00186	113	10
K00187	126	17
K00188	53	12
K00194	26	11
K00196	167	13
K00197	31	6
K00198	3973	218
K00208	1938	794
K00209	4725	256
K00210	1381	396
K00214	33	12
K00215	5310	1338
K00216	20	33
K00219	678	648
K00220	21	5
K00226	176	6
K00228	16	73
K00230	159	105
K00231	774	630
K00239	7598	2839
K00240	2353	1024
K00241	2332	886
K00242	10	51
K00243	4320	747
K00244	6818	933
K00245	2741	131
K00246	1883	71
K00247	1315	52
K00248	2066	1008
K00249	2566	604
K00251	20	0
K00252	9	15
K00253	27	0
K00254	3421	360
K00259	1292	756
K00260	225	174
K00261	471	174
K00262	11403	2546
K00263	22	4
K00264	8	2
K00265	23087	3427
K00266	17376	4670
K00275	1778	90
K00276	26	210
K00278	9670	1880
K00281	196	267
K00282	2685	470
K00283	2586	542
K00284	4645	1864
K00285	21	72
K00286	4862	978
K00287	3577	673
K00290	3812	1355
K00297	5590	1084
K00298	42	49
K00299	97	99
K00302	2127	640
K00303	314	61
K00313	47	289
K00319	17	2
K00322	63	129
K00324	5635	228
K00325	6221	254
K00329	34	18
K00330	711	247
K00331	1398	455
K00332	70	40
K00333	111	76
K00334	846	282
K00335	3479	939
K00336	2655	1036
K00337	2382	709
K00338	1191	381
K00339	1223	391
K00340	691	268
K00341	4054	1373
K00342	3390	1222
K00343	2758	882
K00344	2718	361
K00346	7485	1018
K00347	7953	983
K00348	4873	661
K00349	4789	604
K00350	4180	551
K00351	7280	1114
K00354	90	25
K00355	82	82
K00356	34	18
K00360	52	2
K00362	165	281
K00363	5	40
K00364	242	186
K00366	287	83
K00370	63	584
K00371	44	212
K00373	8	72
K00374	14	115
K00375	1776	550
K00380	16	128
K00381	17	137
K00382	6780	682
K00383	8	144
K00384	9614	1749
K00385	84	96
K00389	17	42
K00390	2336	990
K00392	742	370
K00394	316	268
K00395	328	123
K00399	39	13
K00400	23	3
K00401	11	0
K00402	27	13
K00404	35	6
K00405	10	5
K00406	21	13
K00411	9	1
K00412	17	2
K00413	17	6
K00425	2614	1315
K00426	2107	1035
K00427	36	197
K00428	31	190
K00432	987	284
K00433	180	3
K00436	14	0
K00450	23	0
K00459	575	341
K00484	12	22
K00521	38	0
K00525	6793	1255
K00526	504	347
K00528	2759	900
K00529	7	97
K00533	4134	1136
K00537	988	585
K00547	114	108
K00548	19329	3494
K00549	8343	1290
K00552	7	3
K00554	7154	1536
K00556	668	271
K00557	3436	186
K00558	29448	5218
K00559	670	250
K00560	7118	1563
K00561	1	122
K00563	248	239
K00564	598	129
K00566	8057	1965
K00567	3937	748
K00568	1170	285
K00570	83	6
K00571	14965	3530
K00573	79	80
K00574	462	302
K00575	4746	320
K00584	20	0
K00587	108	134
K00588	1832	674
K00590	1500	768
K00591	158	12
K00595	1051	237
K00598	488	250
K00600	11350	2336
K00602	11562	2619
K00603	342	72
K00604	7422	1866
K00605	2583	634
K00606	4167	612
K00609	7020	1460
K00610	2998	494
K00611	6039	973
K00612	176	10
K00615	19078	4381
K00616	1321	431
K00619	234	144
K00620	1860	648
K00621	533	141
K00625	3761	1236
K00626	1329	824
K00627	808	427
K00631	7302	424
K00632	20	221
K00633	558	195
K00634	3233	641
K00638	639	230
K00639	2308	741
K00640	7935	2216
K00641	747	170
K00645	6435	1402
K00647	9268	954
K00648	7795	1360
K00651	5250	892
K00652	6281	1040
K00655	7217	1849
K00656	16760	3822
K00657	1959	424
K00658	12	96
K00661	5149	1423
K00662	273	56
K00663	149	9
K00666	1939	510
K00670	28	0
K00673	5	67
K00674	3238	262
K00675	177	85
K00677	6500	1334
K00681	4117	287
K00683	575	178
K00684	1223	494
K00687	13	0
K00688	21105	4411
K00689	2	10
K00690	398	340
K00691	90	0
K00692	128	59
K00694	2089	351
K00695	66	0
K00696	45	18
K00697	18	133
K00699	7	7
K00700	15974	2676
K00701	49	32
K00702	5324	1725
K00703	10919	1865
K00705	19622	4251
K00712	572	597
K00718	51	55
K00720	53	2
K00721	6150	1611
K00727	21	1
K00728	1316	90
K00729	27	24
K00737	69	11
K00743	5	1
K00745	408	156
K00748	6663	1400
K00750	0	42
K00752	60	143
K00754	4924	420
K00756	1769	759
K00757	2938	1075
K00758	19	129
K00759	4041	816
K00760	2901	983
K00761	5378	1308
K00762	5706	1470
K00763	3945	1347
K00764	14382	3436
K00765	5166	973
K00766	2620	909
K00767	4849	732
K00768	3584	737
K00769	1180	78
K00772	471	191
K00773	9086	2027
K00782	1278	427
K00783	3686	780
K00784	5131	1616
K00786	4509	1236
K00788	3456	1137
K00789	12210	2707
K00790	9619	2422
K00791	9476	2252
K00793	4044	764
K00794	3174	599
K00795	2814	117
K00796	4905	1215
K00797	877	480
K00798	665	219
K00799	111	307
K00800	9020	1859
K00801	3738	165
K00803	754	345
K00805	1063	338
K00806	6140	1484
K00809	974	371
K00812	7084	2151
K00813	8	129
K00817	7098	1511
K00818	15	0
K00820	14585	3160
K00821	8710	1712
K00823	396	167
K00824	757	192
K00826	9213	1913
K00830	1041	94
K00831	9253	1951
K00832	3701	483
K00833	4772	492
K00835	400	251
K00836	28	26
K00838	39	7
K00840	20	83
K00841	9	6
K00844	717	257
K00845	12355	3150
K00847	9079	2324
K00848	3508	1094
K00849	7694	2195
K00850	7409	1545
K00851	39	100
K00852	2386	558
K00853	6067	1500
K00854	6552	1861
K00855	17	128
K00856	1086	306
K00857	2573	922
K00858	5791	1241
K00859	5198	913
K00860	124	123
K00863	335	31
K00864	2921	1674
K00865	3302	1235
K00867	2445	152
K00868	3948	1045
K00869	22	8
K00872	3060	279
K00873	12378	1969
K00874	5886	1973
K00875	7	116
K00876	10204	3425
K00878	1054	670
K00879	140	231
K00880	13	124
K00881	26	119
K00882	1082	711
K00883	40	97
K00884	48	107
K00885	5	73
K00886	2437	28
K00887	72	33
K00891	4195	1082
K00892	12	126
K00894	10	0
K00895	3882	1043
K00897	136	3
K00899	75	25
K00901	1350	120
K00903	1598	256
K00906	18	161
K00907	3	11
K00912	5691	1025
K00917	511	135
K00919	6181	1254
K00925	10393	2415
K00926	903	475
K00927	10774	2706
K00928	10399	2020
K00929	3294	642
K00930	5350	1286
K00931	6131	1300
K00932	16	160
K00936	436	270
K00937	9759	2415
K00939	5650	1411
K00940	1755	303
K00941	5449	1711
K00942	6896	1300
K00943	4157	747
K00945	10022	2693
K00946	5706	959
K00948	9778	1882
K00949	2286	627
K00950	4748	711
K00951	25590	6151
K00952	0	39
K00953	17	31
K00954	4738	974
K00955	98	17
K00956	886	712
K00957	2735	501
K00958	18	5
K00960	104	14
K00962	20469	5221
K00963	3435	711
K00965	3291	770
K00966	365	132
K00967	194	241
K00968	1502	236
K00969	5953	1392
K00970	6924	1395
K00971	8904	2344
K00972	552	313
K00973	9186	2589
K00974	6626	1222
K00975	14391	2010
K00978	2645	250
K00979	5380	616
K00980	912	183
K00981	7379	1540
K00982	7482	306
K00983	362	16
K00984	70	0
K00986	23313	7375
K00989	197	276
K00990	7969	343
K00991	5688	1468
K00992	3707	301
K00995	3824	998
K00996	1602	525
K00997	370	192
K00998	4370	215
K01000	10366	2376
K01002	5255	578
K01006	16529	5960
K01007	1001	539
K01008	617	249
K01011	5	65
K01012	5489	1057
K01023	110	12
K01026	87	194
K01028	335	79
K01034	240	128
K01035	317	157
K01039	68	45
K01040	34	20
K01042	50	113
K01046	986	317
K01048	5580	879
K01051	12190	2232
K01054	227	54
K01055	109	10
K01056	4466	1166
K01058	109	183
K01060	1460	471
K01061	43	255
K01062	66	6
K01066	2311	346
K01067	594	227
K01068	32	0
K01069	5338	1689
K01070	89	199
K01071	1605	461
K01073	94	0
K01077	6910	1017
K01079	4385	207
K01081	2239	635
K01082	51	82
K01085	34	119
K01087	11	97
K01089	4367	575
K01090	724	120
K01091	15817	2339
K01092	3026	352
K01093	14	118
K01095	820	324
K01096	25	153
K01101	28	16
K01104	4592	1088
K01113	433	110
K01118	331	146
K01119	4459	1810
K01120	7	4
K01121	248	26
K01125	625	26
K01126	5471	2552
K01129	6330	1902
K01130	3951	1381
K01132	3	9
K01133	181	55
K01134	660	90
K01136	26	3
K01137	90	23
K01138	5718	1416
K01139	7636	354
K01141	258	153
K01142	3675	1335
K01143	3	54
K01144	4045	1576
K01146	5	82
K01147	8009	349
K01150	3096	108
K01151	3546	458
K01152	16	3
K01153	47278	7712
K01154	24878	3557
K01155	9207	1898
K01156	11155	4342
K01159	4951	950
K01160	271	117
K01161	21	0
K01163	1397	489
K01167	10	0
K01169	9	83
K01170	7	2
K01173	4786	1388
K01174	499	93
K01175	414	130
K01176	33077	3359
K01179	16754	5034
K01181	6165	1501
K01182	2129	442
K01183	1523	592
K01184	1462	342
K01185	5004	2028
K01186	2357	622
K01187	18396	5591
K01188	20	0
K01190	51184	15967
K01191	2555	1190
K01192	4536	832
K01193	1513	554
K01194	47	292
K01195	986	520
K01196	5	12
K01197	4350	287
K01198	3600	1282
K01200	32979	1559
K01201	1205	600
K01205	3906	768
K01206	8974	2205
K01207	5283	1329
K01208	4106	496
K01209	15064	4442
K01210	52	3
K01213	1373	243
K01214	12640	611
K01215	200	151
K01216	1332	251
K01218	5030	1004
K01219	296	89
K01220	151	38
K01222	641	165
K01223	719	941
K01224	4362	1652
K01226	560	579
K01227	678	200
K01228	53	2
K01232	188	456
K01233	28	0
K01235	1842	763
K01236	4714	26
K01239	359	83
K01241	152	152
K01243	4084	751
K01244	161	0
K01246	1035	527
K01247	1569	136
K01250	9	81
K01251	1812	505
K01252	9	66
K01255	7191	1194
K01256	6298	316
K01258	7016	2236
K01259	1140	402
K01261	194	53
K01262	16791	3498
K01265	8554	1643
K01266	621	167
K01267	3443	1133
K01269	614	177
K01270	11452	2676
K01271	1390	381
K01273	4476	1249
K01277	4774	1317
K01278	15231	3505
K01283	161	14
K01284	9276	3053
K01286	1199	802
K01294	89	13
K01295	1141	366
K01297	483	221
K01299	820	68
K01301	18	20
K01302	62	19
K01303	2371	876
K01304	263	18
K01305	757	342
K01308	713	95
K01322	437	108
K01337	22	7
K01338	28838	5098
K01349	78	0
K01354	28	220
K01356	5386	1564
K01358	10136	1819
K01361	5445	331
K01364	2842	1626
K01365	96	20
K01369	54	0
K01372	7903	2699
K01373	8	0
K01392	695	330
K01393	20	4
K01400	384	11
K01405	112	13
K01407	31	323
K01408	1077	302
K01409	7938	1799
K01412	32	13
K01414	6441	249
K01419	969	278
K01420	3104	485
K01421	2481	1367
K01424	4163	1249
K01425	340	216
K01426	164	163
K01428	4174	74
K01429	1088	17
K01430	856	18
K01432	284	162
K01433	2815	131
K01436	1015	634
K01438	6222	1301
K01439	6242	958
K01442	3215	1232
K01443	6300	1195
K01444	10	2
K01447	4804	1485
K01448	15024	4153
K01449	1266	386
K01451	153	25
K01452	173	98
K01455	676	28
K01458	28	1
K01460	46	202
K01462	6193	1475
K01463	169	65
K01464	903	198
K01465	8834	1671
K01466	61	156
K01467	129	140
K01468	2139	318
K01470	854	87
K01473	81	29
K01474	1	5
K01476	409	89
K01478	694	128
K01479	176	32
K01480	1337	345
K01482	61	14
K01483	8	57
K01484	10	78
K01485	816	397
K01486	2157	908
K01487	1077	510
K01488	1357	925
K01489	2609	811
K01491	7483	1441
K01492	39	2
K01493	3943	836
K01494	1629	247
K01495	3917	772
K01496	141	47
K01497	2197	79
K01499	10	0
K01501	428	38
K01505	11	3
K01507	1423	528
K01512	172	101
K01515	4935	1407
K01518	114	39
K01519	16	0
K01520	6858	1308
K01521	16	85
K01523	162	10
K01524	7594	1484
K01525	2259	109
K01531	70	418
K01533	7443	2327
K01534	14501	3706
K01537	15232	3555
K01539	4	89
K01541	497	349
K01546	16	168
K01547	52	159
K01548	13	59
K01551	22	0
K01557	973	290
K01560	1377	323
K01563	11	0
K01565	101	19
K01567	650	216
K01571	3528	1033
K01572	6026	2315
K01573	169	65
K01575	178	98
K01577	27	190
K01579	2015	367
K01580	31	293
K01581	3725	1320
K01582	404	469
K01583	42	0
K01584	46	267
K01585	8557	2502
K01586	11728	1942
K01588	4147	910
K01589	76	82
K01590	758	138
K01591	5417	1302
K01595	21	270
K01596	2951	797
K01599	369	725
K01601	5	54
K01607	4720	764
K01608	19	202
K01609	1670	667
K01610	14518	3085
K01611	577	379
K01613	5063	1048
K01615	1636	838
K01619	4293	1454
K01620	2171	740
K01621	477	202
K01623	3	82
K01624	10300	2626
K01625	2504	841
K01626	4272	816
K01627	3947	751
K01628	2534	745
K01629	1603	490
K01630	25	77
K01631	3	59
K01633	2462	465
K01637	15	155
K01638	47	326
K01639	1714	397
K01641	371	202
K01643	1803	588
K01644	1121	299
K01646	457	137
K01647	8755	1232
K01649	11709	2056
K01652	15184	3223
K01653	4114	802
K01654	1558	257
K01657	7447	1503
K01658	3001	487
K01659	21	97
K01661	3739	492
K01662	16513	3793
K01664	10	79
K01665	3518	202
K01666	749	161
K01667	1092	529
K01669	14	105
K01671	13	94
K01673	1021	331
K01674	11	0
K01676	8109	1711
K01677	1402	400
K01678	873	232
K01679	1218	359
K01681	7365	2987
K01682	8649	322
K01683	14	0
K01684	52	118
K01685	2377	960
K01686	5713	1768
K01687	12402	2186
K01689	8494	2178
K01690	24	136
K01692	49	66
K01693	844	325
K01695	4177	863
K01696	6146	1281
K01698	613	518
K01703	9185	1525
K01704	3683	741
K01706	17	163
K01708	299	145
K01709	3555	332
K01710	9314	2160
K01711	3295	859
K01712	2641	540
K01713	221	9
K01714	7330	1569
K01715	920	349
K01716	1588	102
K01719	2005	760
K01720	96	117
K01725	2	62
K01727	55	54
K01728	10014	2612
K01729	188	0
K01731	59	0
K01733	9724	1735
K01734	1002	397
K01735	7493	1448
K01736	6005	1369
K01737	2017	392
K01738	10078	1832
K01739	3465	463
K01740	15739	3264
K01741	54	32
K01744	3862	1444
K01745	2936	616
K01746	369	125
K01749	353	412
K01750	1136	100
K01751	234	162
K01752	4414	1880
K01753	343	257
K01754	7799	1316
K01755	9298	2191
K01756	10985	2516
K01758	16	6
K01759	1925	489
K01760	809	232
K01761	385	89
K01766	31	128
K01768	3483	998
K01770	3817	698
K01771	967	7
K01772	27	94
K01775	11559	2851
K01776	5827	1336
K01777	86	37
K01778	6079	1220
K01779	390	150
K01781	98	14
K01782	24	175
K01783	5742	1418
K01784	14563	3365
K01785	7532	2518
K01787	2822	506
K01788	119	79
K01790	6553	1862
K01791	4558	1487
K01792	51	81
K01793	60	37
K01796	63	11
K01801	2	9
K01802	2167	622
K01803	9146	2454
K01804	6037	1298
K01805	1062	351
K01807	1879	270
K01808	2308	875
K01809	5198	1474
K01810	13722	2801
K01811	12629	4111
K01812	4282	1389
K01813	2722	868
K01814	3991	802
K01815	2415	739
K01816	74	78
K01817	1480	478
K01818	4021	1055
K01819	309	84
K01821	133	54
K01823	770	264
K01825	27	209
K01826	9	63
K01829	1	10
K01834	1063	598
K01835	14142	3465
K01838	3927	886
K01839	1777	912
K01840	5900	1943
K01841	2207	253
K01843	990	132
K01844	649	135
K01845	2183	1023
K01846	174	8
K01847	2952	1315
K01848	864	442
K01849	156	119
K01854	3155	940
K01858	1800	572
K01866	10271	2632
K01867	8523	2264
K01868	16780	4294
K01869	22350	6043
K01870	26322	6221
K01872	21851	5276
K01873	23139	5381
K01874	18148	4989
K01875	11657	2833
K01876	15075	3588
K01878	4119	411
K01879	8148	884
K01880	8191	2892
K01881	13839	3770
K01883	13360	3324
K01884	112	94
K01885	13173	3140
K01886	11568	2362
K01887	14897	3929
K01889	9479	2271
K01890	19006	4377
K01892	10345	2328
K01893	11727	2511
K01894	1854	126
K01895	5404	1790
K01897	27997	7025
K01902	2826	347
K01903	3948	328
K01904	2	24
K01905	198	16
K01906	188	208
K01908	8	103
K01909	31	3
K01910	1264	521
K01911	5245	585
K01912	5864	944
K01914	5661	1237
K01915	22086	6188
K01916	404	266
K01918	4265	752
K01919	29	189
K01920	4	74
K01921	8935	2185
K01923	6983	1867
K01924	11529	2497
K01925	11226	2458
K01926	1969	441
K01928	11757	3055
K01929	10150	2307
K01932	462	7
K01933	8535	1823
K01934	3608	623
K01935	2132	331
K01937	14114	3117
K01938	5165	2064
K01939	10623	2707
K01940	12027	2927
K01941	36	70
K01945	9507	1972
K01950	11557	2324
K01951	11908	2564
K01952	27552	5654
K01953	11062	2138
K01955	31100	6981
K01956	7638	1573
K01958	970	428
K01959	20	7
K01960	5006	1619
K01961	5818	629
K01962	3431	363
K01963	3040	355
K01965	254	113
K01966	5938	1939
K01968	168	62
K01972	14810	3726
K01974	3	64
K01975	280	26
K01989	3059	1387
K01990	24698	6545
K01991	5428	1668
K01992	25166	5945
K01993	6756	1490
K01994	151	39
K01995	2564	861
K01996	2450	934
K01997	3399	1106
K01998	3270	1192
K01999	4139	1550
K02000	172	157
K02001	194	128
K02002	80	129
K02003	19855	6222
K02004	46152	14772
K02005	10238	4237
K02006	226	53
K02007	123	122
K02008	118	79
K02010	3110	606
K02011	5391	1283
K02012	3611	813
K02013	7531	1669
K02014	32973	13166
K02015	8080	1848
K02016	9098	2909
K02017	175	232
K02018	175	199
K02019	290	87
K02020	365	276
K02021	20	0
K02022	523	56
K02024	21637	481
K02025	6596	1261
K02026	6677	1084
K02027	7766	1676
K02028	6927	2080
K02029	6228	1745
K02030	14212	3832
K02031	4482	799
K02032	3994	808
K02033	4470	934
K02034	3832	828
K02035	7683	1944
K02036	4246	996
K02037	4508	854
K02038	4479	998
K02039	1991	561
K02040	6848	1688
K02041	279	89
K02042	569	99
K02043	3	14
K02044	600	336
K02045	153	192
K02046	139	184
K02047	141	189
K02048	182	329
K02049	2782	351
K02050	3627	440
K02051	5126	701
K02052	581	107
K02053	401	65
K02054	36	73
K02055	630	114
K02056	10029	2245
K02057	12646	2745
K02058	2877	691
K02062	250	57
K02063	279	74
K02064	204	119
K02065	4735	897
K02066	4740	873
K02067	4216	1113
K02068	283	95
K02069	246	116
K02071	6534	984
K02072	4406	671
K02073	7171	1327
K02074	2246	17
K02075	2618	26
K02077	2718	17
K02078	6589	1289
K02079	8	84
K02080	12	106
K02081	1100	502
K02082	181	376
K02083	121	165
K02086	227	90
K02099	1119	588
K02100	1918	539
K02103	1447	145
K02106	747	339
K02107	18	5
K02108	8702	1970
K02109	4028	911
K02110	2568	623
K02111	13178	3071
K02112	12800	2915
K02113	4337	967
K02114	3494	692
K02115	7636	1736
K02116	63	118
K02117	3599	1034
K02118	3372	813
K02119	458	91
K02120	1836	417
K02121	1172	296
K02122	408	95
K02123	4594	935
K02124	1243	312
K02132	9	13
K02133	34	10
K02160	2241	281
K02167	66	109
K02168	230	375
K02169	2656	124
K02170	2591	89
K02171	534	149
K02172	2274	424
K02173	19	88
K02182	19	148
K02188	1114	388
K02189	613	335
K02190	1777	619
K02191	53	91
K02192	7	26
K02193	20	57
K02194	9	56
K02195	535	108
K02196	2	29
K02197	4	50
K02198	18	184
K02199	3989	753
K02200	35	95
K02203	818	147
K02204	70	5
K02217	1042	348
K02221	2301	176
K02224	1061	376
K02226	1105	462
K02227	3215	371
K02230	5505	2453
K02231	914	332
K02232	1362	552
K02233	2668	351
K02234	6413	972
K02236	116	64
K02237	1557	621
K02238	8438	2731
K02241	305	47
K02242	1720	719
K02250	14	13
K02255	8	54
K02257	7	88
K02275	39	49
K02278	64	25
K02279	923	324
K02280	618	323
K02282	380	262
K02283	2364	1041
K02291	257	87
K02297	21	112
K02298	41	205
K02299	20	95
K02300	8	41
K02302	33	231
K02304	429	232
K02313	14700	2903
K02314	14032	3796
K02315	39437	3836
K02316	20225	4187
K02317	7	44
K02319	28	8
K02321	145	0
K02322	19	5
K02323	38	15
K02334	12587	404
K02335	22078	5656
K02336	29	200
K02337	36393	6690
K02338	10133	2175
K02339	15	69
K02340	3882	1441
K02341	7140	1695
K02342	11862	1926
K02343	10440	2827
K02344	6	38
K02345	5	26
K02346	4257	1211
K02347	61	22
K02348	153	156
K02355	35918	9312
K02356	6218	1548
K02357	9011	2424
K02358	21674	5203
K02361	1506	654
K02362	15	133
K02363	16	132
K02364	26	253
K02371	1771	559
K02372	3409	599
K02377	3083	890
K02379	47	102
K02380	16	114
K02381	38	237
K02383	197	65
K02385	233	50
K02386	2100	139
K02387	1984	179
K02388	2117	203
K02389	3162	230
K02390	6119	622
K02391	2548	38
K02392	4839	597
K02393	2437	140
K02394	3658	240
K02395	5297	531
K02396	8192	861
K02397	4671	489
K02398	1483	163
K02399	1055	44
K02400	8114	893
K02401	5004	489
K02402	10	50
K02403	9	35
K02404	5475	335
K02405	3705	398
K02406	21835	2860
K02407	7056	766
K02408	1555	138
K02409	6402	500
K02410	4396	561
K02411	3804	334
K02412	4571	547
K02413	1467	189
K02414	194	181
K02415	3304	242
K02416	3748	253
K02417	2572	335
K02418	2607	164
K02419	3206	335
K02420	1404	142
K02421	3162	343
K02422	2273	238
K02423	5	29
K02424	226	190
K02425	10	56
K02426	1426	602
K02427	2272	254
K02428	7814	2005
K02429	11116	3880
K02430	69	116
K02431	284	165
K02433	2839	1112
K02434	3372	1277
K02435	763	379
K02436	7	20
K02437	1328	308
K02438	22	215
K02439	13	79
K02440	433	327
K02441	4064	321
K02442	10	42
K02443	95	76
K02444	306	270
K02445	939	463
K02446	4017	390
K02448	8	139
K02450	5499	407
K02451	1643	66
K02452	2416	169
K02453	6511	688
K02454	4873	595
K02455	3915	314
K02456	3171	483
K02457	2189	112
K02458	1316	77
K02459	1852	108
K02460	2974	240
K02461	3903	289
K02462	24	103
K02464	15	141
K02466	56	29
K02467	6	64
K02468	18	77
K02469	25939	6284
K02470	23424	5697
K02471	5516	434
K02472	194	247
K02473	439	65
K02474	1660	635
K02475	8	4
K02476	208	0
K02477	8263	2100
K02478	3212	813
K02479	1098	226
K02480	111	30
K02481	4233	1565
K02482	1674	257
K02483	10265	2163
K02484	2764	514
K02485	75	87
K02486	199	2
K02487	3	10
K02488	9861	659
K02490	38	6
K02491	269	12
K02492	827	565
K02493	6551	1661
K02494	1552	59
K02495	2398	1305
K02496	4273	228
K02497	21	2
K02498	18	107
K02499	1889	651
K02500	4411	1006
K02501	3596	698
K02502	880	439
K02503	3398	795
K02504	29	189
K02505	27	155
K02507	116	162
K02508	1261	175
K02510	155	57
K02511	6	14
K02515	1	16
K02517	5795	1225
K02518	2854	835
K02519	21857	6436
K02520	5688	1429
K02521	2873	515
K02523	5512	951
K02525	76	2
K02526	18	134
K02527	7210	1336
K02528	7072	1660
K02529	29759	5990
K02530	14	7
K02532	292	319
K02533	717	250
K02535	3899	447
K02536	6845	1272
K02538	97	51
K02548	6348	739
K02549	3501	458
K02550	2	91
K02551	7746	1871
K02552	3898	169
K02553	7	72
K02554	13	74
K02556	3237	323
K02557	6406	1209
K02558	4155	179
K02560	1477	89
K02562	24	192
K02563	8092	1733
K02564	8786	2884
K02565	11	116
K02566	1869	518
K02567	54	202
K02568	5	36
K02569	151	125
K02570	5	13
K02573	266	230
K02574	3130	925
K02575	75	303
K02584	1147	468
K02585	152	14
K02586	167	47
K02587	800	167
K02588	153	91
K02589	277	64
K02590	44	11
K02591	124	70
K02594	97	73
K02598	20	98
K02600	11780	3119
K02601	7239	1594
K02609	7	63
K02610	3	27
K02611	4	45
K02612	226	190
K02613	4	69
K02614	489	252
K02615	4	76
K02616	11	71
K02617	831	280
K02618	7	144
K02619	2508	136
K02621	15378	3145
K02622	12195	2441
K02623	17	118
K02624	9	0
K02626	385	118
K02639	15	89
K02647	2292	810
K02650	9310	392
K02651	19	41
K02652	7910	637
K02653	6601	549
K02654	3981	476
K02655	6174	2035
K02656	2121	10
K02657	36	0
K02658	312	124
K02660	6	1
K02662	4089	188
K02663	1897	10
K02664	1859	16
K02665	1650	2
K02666	6686	442
K02667	109	17
K02668	28	14
K02669	6875	800
K02670	3455	16
K02674	66	121
K02679	5	73
K02680	13	74
K02681	5	55
K02682	14	65
K02686	20	38
K02687	5753	947
K02688	58	184
K02742	3	60
K02744	133	258
K02745	97	189
K02746	176	340
K02747	164	363
K02749	48	226
K02750	48	226
K02752	6	56
K02753	6	56
K02755	198	200
K02756	198	205
K02757	198	205
K02759	120	89
K02760	136	82
K02761	552	272
K02768	2094	364
K02769	808	279
K02770	909	295
K02771	75	70
K02773	57	10
K02774	53	26
K02775	2510	766
K02777	1932	145
K02778	71	81
K02779	71	81
K02781	47	50
K02782	56	56
K02783	116	138
K02784	29	38
K02786	51	10
K02787	106	32
K02788	106	32
K02790	94	200
K02791	94	200
K02793	224	198
K02794	300	250
K02795	529	361
K02796	430	300
K02798	113	194
K02799	112	218
K02800	112	218
K02802	6	53
K02803	338	312
K02804	338	312
K02805	811	276
K02806	3407	599
K02808	63	0
K02809	237	52
K02810	237	52
K02817	0	15
K02818	333	283
K02819	333	283
K02821	273	71
K02822	38	53
K02823	2301	800
K02824	8650	1780
K02825	683	173
K02834	3504	884
K02835	8143	2268
K02836	9678	2783
K02837	8494	1955
K02838	5803	1424
K02839	6	80
K02840	603	59
K02841	274	375
K02843	5846	1347
K02844	939	194
K02846	23	90
K02847	48	363
K02848	5	86
K02849	118	181
K02850	2	23
K02851	2655	1134
K02852	76	82
K02853	10	164
K02854	329	252
K02855	597	379
K02856	1205	435
K02858	2072	127
K02860	4936	1029
K02863	8732	1995
K02864	6744	1572
K02866	8	4
K02867	5397	1218
K02871	5331	1341
K02874	4836	1325
K02876	5829	1335
K02877	10	4
K02878	5309	1431
K02879	5147	1298
K02881	4731	1297
K02884	4429	1086
K02885	16	2
K02886	9260	2426
K02887	4206	1107
K02888	3771	1018
K02890	4943	1387
K02892	4116	978
K02895	4347	1039
K02897	3041	738
K02899	3231	821
K02902	2379	483
K02904	3232	848
K02906	7249	1794
K02907	2832	590
K02908	66	46
K02909	2605	632
K02911	2371	561
K02912	10	2
K02913	2212	637
K02914	1401	317
K02916	2582	734
K02919	1189	322
K02924	1	4
K02926	6709	1804
K02927	374	14
K02929	9	4
K02930	5	2
K02931	7542	1792
K02933	6716	1762
K02935	4974	1379
K02936	19	0
K02939	4700	1294
K02945	14801	3691
K02946	4063	1053
K02948	5325	1410
K02950	5127	1282
K02952	4965	1428
K02954	3217	823
K02956	2852	701
K02959	3573	984
K02961	4132	1165
K02962	7	6
K02963	2924	691
K02965	4072	1107
K02966	7	0
K02967	8345	2264
K02968	2876	590
K02970	2336	636
K02972	2	19
K02979	6	0
K02982	8341	2340
K02984	7	0
K02986	7456	1781
K02988	6189	1759
K02990	3966	816
K02992	6237	1706
K02994	5264	1338
K02995	9	3
K02996	4637	1236
K03018	30	0
K03030	152	0
K03040	14845	2579
K03042	17	16
K03043	38464	9710
K03044	8	1
K03046	38856	10088
K03047	15	1
K03048	79	51
K03055	12	4
K03057	21	1
K03060	1980	268
K03062	745	7
K03070	25367	6992
K03071	1688	135
K03072	8365	1115
K03073	3807	615
K03074	5298	713
K03075	3539	676
K03076	14934	3216
K03077	3001	820
K03078	18	115
K03079	37	161
K03086	18751	5023
K03087	554	118
K03088	32363	10029
K03089	2922	324
K03090	395	249
K03091	10374	2085
K03092	10613	2090
K03093	49	42
K03098	597	166
K03100	11455	2825
K03101	5408	1134
K03103	0	10
K03106	11129	2498
K03110	9068	1674
K03111	10149	2672
K03112	20	134
K03113	472	131
K03116	725	389
K03117	445	135
K03118	2035	959
K03119	10	70
K03120	24	3
K03146	790	70
K03147	7140	1606
K03148	944	136
K03149	2796	652
K03150	6544	1747
K03151	7282	888
K03152	4073	752
K03154	1150	302
K03164	0	278
K03166	25	6
K03167	12	6
K03168	18108	4578
K03169	25565	7633
K03177	6245	1469
K03179	92	184
K03181	5	69
K03182	162	281
K03183	4154	1538
K03184	10	89
K03185	5	86
K03186	106	94
K03187	1663	21
K03188	1694	37
K03189	1456	17
K03190	1796	62
K03192	1081	11
K03194	0	3
K03195	44	187
K03196	89	92
K03199	61	30
K03201	24	7
K03204	0	9
K03205	18384	7042
K03206	20	12
K03207	0	15
K03208	261	49
K03210	3293	810
K03212	40	88
K03214	317	120
K03215	16796	2942
K03216	2460	465
K03217	16334	3355
K03218	4700	902
K03221	4	13
K03222	2	23
K03225	18	93
K03226	36	87
K03227	29	28
K03228	11	34
K03229	18	73
K03230	24	6
K03231	12	10
K03232	6	1
K03234	56	9
K03236	17	2
K03237	19	7
K03238	21	4
K03239	7	0
K03241	12	5
K03243	16	2
K03257	487	27
K03263	13	4
K03269	4424	681
K03270	4084	666
K03271	3361	351
K03272	5298	787
K03273	4632	346
K03274	4341	507
K03275	36	141
K03276	489	763
K03278	15	0
K03279	34	49
K03280	4	20
K03281	6541	1798
K03282	2452	800
K03283	150	21
K03284	7319	1554
K03286	12887	2389
K03287	30	27
K03288	28	0
K03289	2215	720
K03290	17	118
K03291	2747	399
K03292	7800	3605
K03293	499	468
K03294	2412	501
K03296	31372	9390
K03297	72	18
K03298	2414	543
K03299	469	712
K03300	313	37
K03301	34	23
K03303	1562	1057
K03304	9	104
K03305	4588	2036
K03306	4357	520
K03307	9837	2464
K03308	22417	3985
K03309	4379	487
K03310	16851	4959
K03311	718	639
K03312	552	427
K03313	1124	700
K03314	3963	207
K03315	9035	2418
K03316	135	157
K03317	477	158
K03319	454	241
K03320	13906	3178
K03321	9162	1293
K03322	206	111
K03324	13628	4188
K03326	987	656
K03327	22635	5426
K03328	2995	748
K03329	14	87
K03330	4	1
K03332	4120	1037
K03335	378	226
K03336	126	272
K03337	165	117
K03338	312	67
K03339	9	3
K03340	4607	746
K03346	70	116
K03364	82	33
K03367	725	146
K03382	113	76
K03385	43	176
K03386	1132	243
K03387	23	183
K03388	2512	658
K03389	1176	268
K03390	786	229
K03394	440	231
K03399	91	124
K03402	3846	799
K03404	262	170
K03405	142	105
K03406	39084	6481
K03407	13836	3677
K03408	5278	407
K03409	2628	125
K03410	466	87
K03411	342	57
K03412	5506	558
K03413	5823	662
K03414	2376	90
K03415	3440	145
K03417	501	77
K03420	71	0
K03422	24	8
K03424	9099	2216
K03425	5	43
K03426	2469	783
K03427	37194	5755
K03429	850	286
K03430	1164	201
K03431	7489	1216
K03435	21	177
K03436	2565	401
K03437	4973	1374
K03438	7490	2102
K03439	5841	1331
K03442	4446	755
K03444	762	227
K03445	13	177
K03446	511	416
K03449	213	170
K03451	1089	187
K03453	8722	1666
K03455	6576	2048
K03457	221	112
K03458	2955	1483
K03459	6	88
K03462	11	1
K03465	4052	747
K03466	25041	4950
K03468	26	196
K03469	4141	854
K03470	4877	1114
K03471	270	105
K03472	24	110
K03473	3859	433
K03474	3091	434
K03475	43	187
K03476	19	156
K03477	17	93
K03478	466	380
K03480	24	22
K03481	78	112
K03482	15	92
K03483	20	10
K03484	505	228
K03485	17	119
K03486	389	204
K03487	14	117
K03488	352	259
K03490	76	59
K03491	126	37
K03492	211	88
K03493	4	7
K03495	16395	3619
K03496	19594	6120
K03497	16638	4923
K03498	14535	3783
K03499	12523	2920
K03500	10524	876
K03501	4885	1068
K03502	8649	2157
K03503	1356	280
K03511	43	11
K03516	5	36
K03517	5167	1056
K03518	756	342
K03519	63	107
K03520	32	33
K03521	3191	1488
K03522	3931	1840
K03523	1545	620
K03524	7243	1632
K03525	3116	705
K03526	9041	2116
K03527	7871	1965
K03528	10	63
K03529	8011	3226
K03530	4754	1294
K03531	12830	3231
K03532	28	126
K03533	4	58
K03534	1125	246
K03535	368	215
K03536	3565	762
K03543	2338	1238
K03544	10725	2618
K03545	12622	3444
K03546	11076	1589
K03547	4877	1027
K03548	5642	779
K03549	2928	1192
K03550	4858	1169
K03551	7449	1920
K03553	10012	2560
K03554	2385	288
K03555	21466	5188
K03556	1628	655
K03557	1000	55
K03558	1921	405
K03559	3680	1001
K03560	1720	152
K03561	5053	1733
K03562	2466	219
K03563	1304	111
K03564	1612	759
K03565	4328	978
K03566	322	194
K03567	58	70
K03568	8471	1400
K03569	9795	2702
K03570	7684	1528
K03571	2276	239
K03572	14858	2825
K03573	2959	200
K03574	9720	1973
K03575	1145	735
K03576	71	97
K03577	3865	447
K03578	9275	536
K03579	2519	1255
K03580	707	459
K03581	14233	2673
K03582	933	696
K03583	9468	546
K03584	3290	1144
K03585	10732	3215
K03586	1045	55
K03587	12623	2840
K03588	11814	2732
K03589	6438	1200
K03590	5811	1816
K03591	13	91
K03592	6326	639
K03593	4469	1666
K03594	337	127
K03595	7993	1934
K03596	15772	3578
K03597	2529	96
K03598	2730	115
K03599	17	83
K03600	2004	91
K03601	9149	2008
K03602	2611	531
K03603	14	56
K03604	199	111
K03605	8	108
K03606	4069	646
K03607	1782	74
K03608	860	237
K03609	3134	591
K03610	1965	356
K03611	1415	88
K03612	4616	910
K03613	5327	1111
K03614	6719	1545
K03615	9129	2083
K03616	4584	1027
K03617	4441	1096
K03618	6	45
K03619	1	28
K03620	8	54
K03621	4941	933
K03623	168	53
K03624	7341	1864
K03625	5079	1133
K03627	148	201
K03628	11051	2124
K03629	9059	1643
K03630	4146	1567
K03631	10897	2906
K03632	39	373
K03633	14	71
K03634	2204	172
K03635	10	42
K03636	5	25
K03637	747	345
K03638	4	57
K03639	1309	665
K03640	6299	1736
K03641	5433	751
K03642	3071	546
K03643	11	66
K03644	208	174
K03645	15	79
K03646	905	458
K03647	4	44
K03648	4419	872
K03649	843	285
K03650	10987	2579
K03651	3540	251
K03652	214	65
K03653	10	9
K03654	21105	7266
K03655	52525	12716
K03656	6566	279
K03657	31595	6267
K03658	7860	519
K03660	918	349
K03664	4052	1013
K03665	10018	1810
K03666	2604	203
K03667	2284	657
K03668	130	54
K03669	27	228
K03670	58	270
K03671	9110	2185
K03672	9	50
K03673	2278	131
K03674	4	35
K03675	5	53
K03676	9	34
K03683	1749	47
K03684	2845	218
K03685	6759	1328
K03686	9270	2718
K03687	6360	1560
K03688	483	622
K03690	10	75
K03694	3748	1585
K03695	21780	4823
K03696	9853	3412
K03697	1381	783
K03698	1050	182
K03699	17262	4265
K03700	277	74
K03701	31138	8378
K03702	14966	3622
K03703	13136	3220
K03704	1142	338
K03705	2457	917
K03706	557	165
K03707	100	116
K03708	218	144
K03709	1135	272
K03710	1604	564
K03711	3880	760
K03712	109	94
K03713	152	53
K03716	523	197
K03717	71	144
K03718	2840	933
K03719	3201	663
K03720	160	90
K03721	24	137
K03722	7349	678
K03723	24299	5476
K03724	12026	507
K03725	9	1
K03726	37	1
K03727	141	7
K03732	684	281
K03733	11767	2159
K03734	7220	1043
K03735	474	164
K03736	348	86
K03737	18051	7017
K03738	756	443
K03739	51	0
K03740	32	0
K03741	81	26
K03742	4777	838
K03743	2911	413
K03744	4261	864
K03745	976	55
K03746	1159	156
K03747	13	75
K03748	2614	253
K03749	69	66
K03750	496	180
K03752	25	89
K03753	129	124
K03755	21	151
K03756	58	381
K03757	23	148
K03758	636	263
K03759	11	125
K03760	5503	1110
K03761	33	140
K03762	51	231
K03763	6419	2407
K03764	9	72
K03765	19	120
K03767	428	185
K03768	7015	1724
K03769	226	113
K03770	10906	1707
K03771	10190	1619
K03772	3766	309
K03773	7788	2171
K03774	9	59
K03775	4506	789
K03776	698	173
K03777	30	122
K03778	2076	312
K03779	267	241
K03780	258	167
K03781	27	207
K03782	22	213
K03783	3352	969
K03784	1701	411
K03785	272	366
K03786	3066	428
K03787	4905	845
K03788	19	81
K03789	5076	777
K03790	4213	1002
K03791	690	413
K03796	69	157
K03797	18265	4574
K03798	21794	5437
K03799	9768	878
K03800	1892	409
K03801	29	106
K03803	1286	497
K03804	11	73
K03805	8	92
K03806	2218	92
K03807	13	107
K03808	4928	357
K03809	249	174
K03810	1531	463
K03811	2242	702
K03812	6	21
K03813	9	0
K03814	1454	489
K03815	8	82
K03816	3122	920
K03817	26	117
K03818	9	15
K03819	1	18
K03820	6016	1010
K03823	3114	336
K03824	1363	294
K03825	2317	202
K03826	439	392
K03827	371	147
K03828	116	102
K03830	1299	74
K03831	100	154
K03832	8802	2624
K03833	145	197
K03834	29	144
K03835	18	151
K03836	29	168
K03837	95	590
K03838	26	224
K03839	1512	589
K03840	1288	89
K03841	41	132
K03843	278	41
K03844	159	18
K03855	10	95
K03856	2072	814
K03857	24	11
K03878	9	4
K03885	4590	826
K03892	1611	384
K03893	574	223
K03919	4	53
K03923	35	89
K03924	13162	2178
K03925	2357	791
K03926	76	54
K03928	331	123
K03929	7677	1827
K03930	394	18
K03931	750	768
K03932	1492	503
K03933	401	6
K03969	375	118
K03970	5	22
K03971	2	22
K03972	1449	135
K03973	1526	483
K03974	202	106
K03975	758	328
K03976	2394	623
K03977	12395	2777
K03978	5178	974
K03979	9578	2465
K03980	5674	648
K03981	23	112
K04013	13	58
K04014	15	77
K04015	8	106
K04016	14	147
K04017	8	66
K04018	10	70
K04019	134	82
K04020	5	57
K04021	1	65
K04022	5	76
K04023	212	93
K04024	41	74
K04025	2	34
K04026	28	49
K04027	165	104
K04028	46	37
K04029	85	76
K04030	8	52
K04031	71	44
K04032	40	38
K04033	13	88
K04034	1109	454
K04041	4692	1487
K04042	6897	1133
K04043	21016	5955
K04044	22	109
K04045	275	204
K04046	4	80
K04047	13	64
K04061	1398	153
K04062	6	24
K04063	8	52
K04064	8	28
K04065	1835	166
K04066	16352	3553
K04067	516	31
K04068	3802	840
K04069	6348	1618
K04070	1870	485
K04072	4363	1547
K04073	14	94
K04074	836	544
K04075	9392	1798
K04076	18	4
K04077	15326	4324
K04078	3307	819
K04079	15077	3155
K04080	27	69
K04081	20	73
K04082	8	41
K04083	4528	636
K04084	10170	1569
K04085	7372	778
K04087	4319	335
K04088	4680	286
K04091	19	80
K04093	19	0
K04094	1317	664
K04095	8484	1905
K04096	4658	1684
K04103	2	2
K04108	8	11
K04110	82	11
K04112	82	22
K04114	502	257
K04115	518	259
K04333	3	15
K04334	4	45
K04335	4	27
K04336	7	34
K04338	1	22
K04343	52	41
K04367	324	0
K04432	16	0
K04477	3755	340
K04479	16	2
K04480	72	13
K04483	7	0
K04485	9844	2188
K04486	3698	1033
K04487	12578	2006
K04488	2071	824
K04516	2583	698
K04517	1950	721
K04518	1805	695
K04562	3789	373
K04564	1650	153
K04565	140	51
K04566	871	245
K04567	15594	4108
K04568	346	150
K04575	8	0
K04618	33	0
K04651	429	243
K04652	642	264
K04653	7	89
K04654	34	109
K04655	434	271
K04656	127	270
K04685	29	112
K04691	3337	142
K04708	9	39
K04715	16	2
K04718	27	52
K04719	251	104
K04720	2180	421
K04739	16	0
K04744	8133	662
K04748	96	19
K04749	772	172
K04750	24	62
K04751	2700	480
K04752	1284	62
K04753	11	145
K04754	2476	112
K04755	6	38
K04757	138	6
K04758	3119	744
K04759	25141	6067
K04760	2111	88
K04761	2270	957
K04762	2823	541
K04763	45915	11366
K04764	1012	82
K04765	187	95
K04767	674	227
K04768	49	12
K04769	1244	276
K04770	5574	288
K04771	7623	2512
K04772	5143	221
K04773	9173	1649
K04774	3542	130
K04775	10	55
K04780	224	0
K04783	46	0
K04784	53	1
K04794	30	25
K04797	8	7
K04800	19	9
K04801	456	10
K04802	13	3
K04835	435	22
K04844	17	159
K04940	123	219
K04961	162	24
K04962	45	5
K04963	47	16
K04990	171	15
K05020	77	170
K05245	11	191
K05275	450	88
K05281	6	212
K05288	57	54
K05296	15	1
K05297	934	282
K05303	12	0
K05305	1718	87
K05306	627	7
K05308	0	11
K05311	201	26
K05337	139	94
K05339	1719	729
K05340	642	206
K05341	270	254
K05343	2765	939
K05346	129	121
K05349	35742	13440
K05350	1085	310
K05351	9	3
K05352	76	83
K05362	29	39
K05363	144	113
K05364	805	650
K05365	6038	339
K05366	20981	5469
K05367	1913	760
K05368	9	120
K05375	2	24
K05396	605	131
K05499	538	240
K05501	9	62
K05515	13089	3219
K05516	982	550
K05517	21	122
K05518	27	3
K05520	41	59
K05521	603	340
K05522	11	78
K05523	16	84
K05524	397	71
K05526	5	70
K05527	15	89
K05539	2792	181
K05540	4016	1877
K05541	2616	143
K05544	24	4
K05548	77	9
K05554	74	25
K05565	1	6
K05566	315	147
K05567	196	54
K05568	1086	530
K05569	189	109
K05570	107	58
K05571	134	79
K05587	38	1
K05589	1121	49
K05590	6603	240
K05591	1858	574
K05592	11967	2896
K05593	550	132
K05594	14	128
K05595	588	389
K05596	12	116
K05601	2654	1299
K05606	574	157
K05612	175	48
K05613	344	117
K05614	992	227
K05615	11	18
K05616	2951	200
K05617	63	28
K05618	420	132
K05655	0	16
K05657	0	16
K05658	35	8
K05662	13	0
K05666	114	277
K05685	4501	310
K05698	32	12
K05708	18	159
K05709	6	64
K05710	28	43
K05711	4	74
K05712	12	114
K05713	5	60
K05714	234	58
K05770	397	168
K05772	371	50
K05773	293	38
K05774	1	20
K05775	25	102
K05776	6280	906
K05777	7	82
K05778	8	63
K05779	1	59
K05780	6	53
K05781	1	21
K05782	3	73
K05785	87	88
K05786	548	272
K05787	1378	288
K05788	1310	124
K05789	13	9
K05790	23	140
K05791	3000	17
K05792	152	16
K05794	2963	708
K05795	556	33
K05796	24	171
K05798	18	128
K05799	1476	524
K05800	13	52
K05801	4383	579
K05802	12325	1609
K05803	2683	162
K05804	102	275
K05805	6	61
K05807	4041	649
K05808	4281	885
K05809	10	40
K05810	4955	891
K05811	3	31
K05812	167	92
K05813	137	195
K05814	299	223
K05815	339	243
K05816	79	78
K05817	196	132
K05818	11	73
K05819	39	103
K05820	262	120
K05822	51	15
K05823	38	47
K05825	2199	769
K05832	2764	1103
K05833	2032	817
K05834	7	86
K05835	10	91
K05836	2	18
K05837	9991	2366
K05838	2319	81
K05839	6	54
K05844	3035	102
K05845	78	68
K05846	114	118
K05847	123	123
K05851	7653	391
K05853	5	1
K05873	265	139
K05874	15	153
K05875	16	131
K05876	11	134
K05877	8	113
K05878	546	356
K05879	252	197
K05880	18	191
K05881	301	199
K05882	541	185
K05884	476	121
K05887	9	63
K05895	227	148
K05896	1912	627
K05898	70	16
K05909	58	127
K05916	17	96
K05919	2144	619
K05921	206	37
K05922	39	29
K05925	61	28
K05927	48	23
K05928	153	51
K05929	64	11
K05934	683	243
K05936	940	301
K05939	1629	489
K05946	2329	834
K05952	659	3
K05962	278	106
K05964	272	129
K05966	405	229
K05967	169	42
K05970	6336	1977
K05979	125	0
K05982	61	49
K05984	8	69
K05985	491	208
K05986	460	124
K05988	774	309
K05989	11597	4875
K05991	54	105
K05994	23	107
K05995	1522	651
K05997	8	27
K06001	3391	1190
K06006	36	147
K06012	761	287
K06013	767	137
K06015	1513	211
K06016	677	72
K06019	358	123
K06020	8886	1684
K06023	2028	511
K06024	1462	461
K06027	1521	1055
K06030	14	0
K06039	2	32
K06041	7624	988
K06042	418	259
K06044	20	0
K06045	66	6
K06048	123	162
K06058	1	6
K06073	6	80
K06074	9	65
K06075	337	74
K06076	3990	1198
K06077	9	46
K06078	111	75
K06079	630	305
K06080	1476	60
K06113	8885	2755
K06119	126	41
K06123	208	17
K06127	23	6
K06131	7834	2564
K06132	219	456
K06133	1500	244
K06139	400	64
K06140	2	51
K06141	18	139
K06142	8306	2181
K06143	148	132
K06144	3	55
K06145	81	157
K06147	47190	9445
K06148	5380	848
K06149	146	103
K06151	7	4
K06153	7049	1602
K06155	30	215
K06156	36	155
K06158	18012	4698
K06159	15	118
K06162	6	33
K06163	14	75
K06164	4	15
K06165	0	13
K06167	2416	609
K06168	10423	2709
K06173	5443	1282
K06174	7	1
K06175	7	84
K06176	136	84
K06177	7016	1134
K06178	6692	1749
K06179	4337	894
K06180	14273	3663
K06181	56	74
K06182	341	231
K06183	1315	337
K06186	1120	63
K06187	4816	1090
K06188	331	137
K06189	3723	633
K06190	234	60
K06191	4	35
K06192	5314	528
K06193	10	52
K06194	8400	699
K06195	3	52
K06196	5391	1276
K06197	7	32
K06198	16	0
K06199	2526	486
K06200	12243	3133
K06201	1138	378
K06202	12	63
K06203	2489	118
K06204	2609	506
K06205	18	137
K06206	413	307
K06207	15380	3412
K06208	194	58
K06209	589	233
K06211	18	138
K06212	2772	162
K06213	2633	921
K06214	11	106
K06215	2575	1056
K06217	7858	1702
K06218	372	177
K06219	1641	97
K06221	8465	1652
K06222	34	108
K06223	5549	1310
K06228	28	4
K06281	33	333
K06282	18	152
K06283	429	115
K06284	259	48
K06285	83	13
K06286	0	18
K06287	4720	936
K06295	1314	204
K06297	52	50
K06298	761	255
K06305	11	14
K06306	209	48
K06310	45	147
K06311	12	39
K06313	716	198
K06317	323	83
K06320	158	23
K06328	82	45
K06331	198	13
K06333	339	121
K06334	714	180
K06338	144	0
K06346	2534	802
K06348	72	55
K06350	222	130
K06351	708	258
K06370	18	0
K06373	4265	522
K06374	1261	454
K06378	629	181
K06379	713	249
K06381	7655	2250
K06382	623	446
K06383	494	105
K06384	89	5
K06385	2400	504
K06386	421	97
K06387	602	121
K06390	860	324
K06391	80	65
K06392	316	105
K06393	488	94
K06394	576	171
K06395	148	61
K06396	509	248
K06397	893	289
K06398	1979	539
K06399	1568	461
K06400	35757	5682
K06401	13	10
K06402	808	178
K06403	169	54
K06404	151	56
K06405	651	191
K06406	897	341
K06407	431	114
K06408	617	123
K06409	2966	1093
K06410	282	112
K06411	467	157
K06412	1596	235
K06413	5506	1181
K06415	19	155
K06416	152	32
K06421	518	94
K06423	0	23
K06436	60	163
K06438	478	363
K06442	1934	640
K06445	25	177
K06446	14	2
K06447	1	52
K06518	2392	563
K06560	66	0
K06596	3	10
K06603	1782	145
K06605	15	79
K06606	57	104
K06607	2796	85
K06608	246	138
K06610	262	83
K06636	5	0
K06641	32	2
K06669	46	9
K06714	109	184
K06726	286	197
K06857	261	41
K06858	4	94
K06859	16	5
K06861	5511	1152
K06862	14	7
K06863	18	2
K06864	427	272
K06865	55	16
K06866	21	68
K06867	1230	681
K06871	8669	3336
K06872	3299	1098
K06875	10	1
K06877	1449	76
K06878	32	84
K06879	2322	128
K06880	262	53
K06881	4816	1738
K06882	57	48
K06883	75	69
K06884	6	38
K06885	1947	194
K06887	16	162
K06888	211	9
K06889	12070	2297
K06890	2093	968
K06891	649	273
K06894	5540	3306
K06895	437	123
K06896	111	142
K06897	1852	326
K06898	467	277
K06899	24	98
K06900	195	4
K06901	9136	2426
K06902	342	141
K06903	112	59
K06904	548	175
K06905	27	178
K06906	5	34
K06907	438	275
K06908	31	58
K06909	3458	948
K06910	14	46
K06911	98	307
K06915	3024	1119
K06916	46	154
K06917	16	80
K06918	2808	144
K06919	13520	2746
K06920	3243	868
K06921	31318	10409
K06922	49	345
K06923	1290	353
K06924	175	9
K06925	4203	740
K06926	10811	2247
K06928	21	1
K06929	26	41
K06932	18	4
K06933	266	129
K06934	406	142
K06936	7	4
K06937	170	26
K06938	4	30
K06939	1127	88
K06940	955	224
K06941	8627	2054
K06942	10053	2688
K06946	274	186
K06948	38	8
K06949	6841	1367
K06950	3914	1091
K06951	141	122
K06952	50	15
K06953	23	4
K06956	440	211
K06957	6548	171
K06958	6758	1049
K06959	8161	3189
K06960	1003	405
K06962	766	356
K06965	4	2
K06966	6047	967
K06967	911	292
K06968	308	161
K06969	9967	2340
K06970	5	81
K06971	264	53
K06972	3232	1030
K06973	1325	365
K06974	174	52
K06975	164	164
K06976	208	50
K06978	1121	162
K06980	11	110
K06981	13	3
K06985	545	75
K06987	1554	351
K06988	84	58
K06989	64	39
K06990	288	138
K06993	304	136
K06994	62	11
K06997	6175	1059
K06998	123	118
K06999	31	85
K07000	5442	1498
K07001	6909	1881
K07002	4	29
K07003	8558	2192
K07004	2550	554
K07005	1582	677
K07006	121	22
K07007	5489	2036
K07009	216	150
K07010	2639	350
K07011	5070	1711
K07012	10827	1072
K07013	9	2
K07014	9169	914
K07015	612	202
K07016	293	378
K07017	440	207
K07018	35	88
K07019	165	85
K07023	1171	339
K07025	4642	1639
K07026	9	89
K07027	4073	1659
K07028	8	0
K07029	3479	1024
K07030	4281	1165
K07031	821	15
K07033	1307	597
K07034	90	75
K07035	1080	309
K07037	6896	1806
K07038	51	182
K07039	211	159
K07040	3194	443
K07041	13	2
K07042	4605	973
K07043	2802	679
K07045	1505	250
K07048	36	102
K07050	2253	233
K07052	7911	1995
K07053	4573	1033
K07054	77	73
K07056	6962	1774
K07058	6213	1218
K07059	146	2
K07063	420	86
K07066	28	62
K07067	4	16
K07069	7	1
K07070	4	50
K07071	2555	110
K07074	603	220
K07075	2910	710
K07076	545	533
K07078	146	4
K07079	2798	624
K07080	1251	573
K07082	8793	1633
K07084	74	37
K07085	13926	3618
K07088	4064	1331
K07089	1509	589
K07090	10133	1060
K07091	7855	1750
K07093	136	81
K07095	5081	913
K07096	752	219
K07097	51	38
K07098	8589	1667
K07099	1919	549
K07101	311	48
K07102	4174	571
K07105	247	214
K07106	2170	739
K07107	4623	876
K07108	10	3
K07109	21	129
K07110	322	80
K07112	428	356
K07113	330	48
K07114	42627	10983
K07115	2905	186
K07118	595	93
K07119	20	67
K07120	266	128
K07121	11	147
K07122	864	49
K07124	3536	699
K07126	3967	1014
K07127	10	17
K07130	90	57
K07132	1234	109
K07133	115006	27907
K07136	12	51
K07137	9861	2806
K07138	2028	659
K07139	5473	965
K07140	9	122
K07141	279	175
K07146	22	120
K07147	10	65
K07148	765	458
K07149	1169	463
K07150	2977	458
K07153	1756	64
K07154	10184	3521
K07156	11	57
K07160	529	214
K07161	48	0
K07162	16	4
K07164	2561	794
K07165	6655	2660
K07166	1131	472
K07171	1664	964
K07172	179	138
K07173	3374	489
K07175	1515	433
K07177	64	56
K07178	6	0
K07180	37	180
K07181	2464	12
K07182	771	60
K07183	9	1
K07184	1781	112
K07186	6	46
K07192	6398	957
K07198	231	238
K07212	0	12
K07213	144	63
K07214	4326	2959
K07216	514	207
K07217	14	53
K07218	75	7
K07219	330	114
K07220	2509	256
K07221	835	292
K07223	57	201
K07224	26	124
K07228	33	24
K07229	7	78
K07230	12	10
K07231	113	14
K07232	8	54
K07233	1	3
K07235	1034	79
K07236	1229	65
K07237	1059	46
K07238	4577	1520
K07239	16	17
K07240	6350	2291
K07243	32	105
K07245	15	79
K07246	15	96
K07248	13	120
K07250	91	84
K07251	5	51
K07253	37	0
K07257	789	103
K07258	10732	2849
K07259	7419	1083
K07260	3541	453
K07261	2015	68
K07262	6	86
K07263	12564	4240
K07264	624	502
K07265	945	11
K07266	5746	47
K07267	20	0
K07269	7	81
K07271	3949	1128
K07272	1215	247
K07273	8367	2020
K07274	24	156
K07275	78	79
K07276	53	0
K07277	17440	3573
K07278	4047	196
K07279	60	293
K07281	41	0
K07282	3305	745
K07283	39	74
K07284	835	431
K07285	23	121
K07286	11	69
K07287	18	113
K07289	373	306
K07290	18	186
K07291	41	0
K07300	290	257
K07301	2252	816
K07304	587	271
K07305	19	55
K07306	19	152
K07307	27	85
K07308	7	72
K07309	16	180
K07310	46	196
K07311	5	46
K07312	7	95
K07313	1236	339
K07314	15	98
K07315	4116	588
K07316	9894	3265
K07317	8813	508
K07318	3346	266
K07319	163	153
K07320	2717	139
K07321	513	110
K07322	2564	798
K07323	1951	108
K07326	179	310
K07334	422	104
K07335	12459	1385
K07336	2	73
K07337	557	327
K07339	57	40
K07340	281	166
K07341	2383	603
K07343	218	88
K07344	556	260
K07345	74	503
K07346	170	354
K07347	266	1252
K07348	7	62
K07349	14	114
K07350	55	248
K07351	11	73
K07352	14	41
K07353	8	29
K07354	62	204
K07355	5	49
K07356	16	106
K07357	6	75
K07358	14	73
K07369	14	0
K07378	25	0
K07386	6346	2298
K07387	4297	473
K07390	18	36
K07391	6493	3241
K07392	528	158
K07393	159	126
K07395	1676	0
K07397	106	113
K07399	84	0
K07400	1985	96
K07402	941	615
K07403	599	180
K07404	1006	254
K07405	3343	960
K07406	363	210
K07407	22168	4827
K07432	113	2
K07441	70	0
K07442	9	2
K07443	507	193
K07444	4488	1321
K07445	519	464
K07446	31	1
K07447	3441	812
K07448	994	448
K07450	8470	966
K07451	1844	115
K07452	7246	1621
K07454	4473	331
K07455	484	300
K07456	11223	3518
K07457	29	21
K07458	1747	739
K07459	6329	505
K07460	1884	649
K07461	296	317
K07462	14538	2687
K07463	26	5
K07464	1184	223
K07465	162	137
K07466	44	5
K07467	390	58
K07469	81	19
K07470	7	85
K07471	14	63
K07473	5802	1397
K07474	311	605
K07475	55	3
K07478	9872	2372
K07479	384	67
K07480	287	1891
K07481	4457	2981
K07482	4367	2338
K07483	5519	3366
K07484	29813	10878
K07485	17117	703
K07486	56834	4708
K07487	13712	7371
K07488	0	39
K07489	36	294
K07490	3	53
K07491	18541	1435
K07492	955	654
K07493	14203	2372
K07494	1202	212
K07495	11213	4739
K07496	76488	4571
K07497	31210	9974
K07499	16	0
K07501	19	5
K07502	190	43
K07504	154	3
K07506	2808	967
K07507	2289	831
K07511	15	0
K07533	922	388
K07535	25	3
K07552	1384	697
K07556	13	0
K07559	208	87
K07560	2332	868
K07566	5317	1347
K07568	11299	2858
K07569	11	1
K07570	90	46
K07571	296	164
K07572	8	0
K07574	1775	343
K07576	1973	739
K07577	5	21
K07579	15	0
K07580	10	1
K07581	18	3
K07583	11	4
K07584	1030	266
K07585	7	1
K07586	189	36
K07588	1202	579
K07589	11	38
K07590	320	118
K07592	100	114
K07636	27388	7708
K07637	26	168
K07638	3914	312
K07639	94	91
K07640	22	146
K07641	25	107
K07642	651	409
K07643	23	137
K07644	342	240
K07645	148	158
K07646	3527	1428
K07647	2037	950
K07648	4850	376
K07649	243	181
K07650	1099	232
K07651	1244	192
K07652	7518	2048
K07654	93	44
K07657	5187	1865
K07658	10923	2741
K07659	143	117
K07660	325	236
K07661	1721	790
K07662	29	93
K07663	29	108
K07664	18	73
K07665	278	204
K07666	309	240
K07667	6244	647
K07668	3548	1121
K07669	865	205
K07670	33	1
K07671	11	1
K07672	86	67
K07673	10	99
K07674	26	234
K07675	380	398
K07676	37	248
K07677	679	555
K07678	10224	925
K07679	2001	979
K07680	26	97
K07683	467	82
K07684	230	156
K07685	90	196
K07686	107	179
K07687	519	248
K07688	70	83
K07689	1688	148
K07690	13	46
K07691	2	17
K07692	342	135
K07693	147	29
K07694	328	54
K07695	16	35
K07696	819	672
K07697	187	72
K07699	2030	612
K07700	55	156
K07701	32	199
K07702	10	66
K07703	9	96
K07704	1160	252
K07705	1460	440
K07706	1297	499
K07707	257	46
K07708	3816	407
K07709	327	238
K07710	491	368
K07711	172	171
K07712	5414	304
K07713	7684	2705
K07714	657	360
K07715	230	123
K07716	211	65
K07717	16	1
K07718	5016	1138
K07719	15	1
K07720	25575	5998
K07721	17	2
K07722	10	67
K07723	11	0
K07724	11	69
K07726	4510	782
K07727	2525	428
K07728	47	5
K07729	6450	1711
K07733	2	13
K07735	58	105
K07736	991	431
K07738	2888	410
K07739	340	136
K07740	1550	99
K07741	4986	2111
K07742	673	281
K07746	54	13
K07749	337	153
K07751	3788	188
K07755	209	121
K07757	131	215
K07768	906	43
K07770	286	33
K07771	13	115
K07772	7	57
K07773	1904	93
K07774	30	11
K07775	2570	807
K07776	1369	377
K07777	489	459
K07778	47	43
K07781	11	42
K07782	2	45
K07783	3136	1352
K07784	36	167
K07786	32	136
K07787	3680	933
K07788	29	170
K07789	34	197
K07791	887	541
K07792	487	395
K07793	1353	197
K07794	31	2
K07795	718	69
K07796	18	93
K07797	25	61
K07798	131	90
K07799	46	178
K07803	10	56
K07804	15	104
K07806	436	243
K07810	6	43
K07811	18	195
K07812	77	171
K07813	417	210
K07814	13991	3349
K07816	2702	602
K07821	13	98
K07862	5020	590
K07979	3774	1102
K07991	6	1
K08073	58	0
K08077	7	0
K08082	355	62
K08083	879	215
K08084	2019	14
K08092	28	109
K08093	13	0
K08094	36	12
K08122	529	504
K08137	6897	200
K08138	1442	961
K08139	19	0
K08151	280	273
K08153	86	64
K08154	3	57
K08156	1422	672
K08159	1720	567
K08160	21	187
K08161	1395	405
K08162	95	88
K08163	9	172
K08166	236	9
K08168	4	12
K08169	244	319
K08172	33	224
K08173	31	100
K08174	3	13
K08177	341	342
K08191	4047	1274
K08194	219	342
K08195	26	16
K08217	165	10
K08218	9054	1965
K08219	19	122
K08221	39	17
K08223	5895	1238
K08224	40	140
K08225	10	81
K08227	15	113
K08234	762	385
K08239	1112	193
K08252	594	16
K08253	55	1
K08256	675	3
K08259	39	9
K08264	23	4
K08276	7	43
K08277	4	43
K08279	11	98
K08280	165	2
K08281	988	390
K08282	5152	1124
K08286	42	0
K08289	5413	893
K08296	333	180
K08297	19	219
K08298	52	132
K08299	6	76
K08300	8242	449
K08301	9574	1958
K08302	197	367
K08303	20955	5119
K08304	46	278
K08305	2775	300
K08306	33	110
K08307	7526	1898
K08308	36	72
K08309	6579	964
K08310	256	66
K08311	2033	97
K08312	1684	101
K08313	12	63
K08314	35	109
K08315	4	63
K08316	4840	994
K08317	12	100
K08318	6	92
K08319	28	93
K08320	2	83
K08321	225	111
K08322	86	189
K08323	7	106
K08324	10	94
K08325	2498	143
K08326	5	60
K08348	42	275
K08349	10	59
K08350	9	66
K08351	35	203
K08352	50	11
K08353	12	77
K08354	19	72
K08364	827	223
K08368	45	264
K08369	205	552
K08372	685	78
K08384	3600	1462
K08475	23	96
K08476	16	67
K08478	10	47
K08479	308	0
K08483	9034	1636
K08484	7058	334
K08485	5	49
K08587	32	13
K08589	232	5
K08591	1452	699
K08600	4904	884
K08602	5107	702
K08604	18	14
K08640	494	206
K08641	427	145
K08651	3149	747
K08652	17	0
K08653	33	45
K08655	22	6
K08659	694	202
K08676	6488	2569
K08678	910	216
K08679	2166	731
K08680	2034	70
K08681	1558	540
K08682	4	61
K08687	0	15
K08688	2	2
K08693	272	109
K08714	1723	28
K08722	470	259
K08723	162	83
K08724	239	91
K08735	26	10
K08737	845	217
K08738	24	14
K08740	9	3
K08741	7	2
K08744	880	205
K08770	13	5
K08782	7	6
K08784	26	49
K08790	20	50
K08794	42	3
K08804	45	0
K08818	70	15
K08824	67	5
K08825	0	13
K08838	197	30
K08850	28	0
K08851	13	2
K08852	44	43
K08857	118	58
K08860	44	0
K08884	2944	720
K08895	9	4
K08900	54	48
K08955	9	8
K08956	23	0
K08961	56	19
K08963	874	192
K08965	20	3
K08966	72	0
K08968	653	318
K08970	11	100
K08972	55	10
K08973	14	11
K08974	1781	337
K08978	3246	834
K08981	232	6
K08984	51	56
K08986	185	98
K08988	221	25
K08989	15	53
K08990	2737	81
K08992	5	43
K08993	7	32
K08994	21	96
K08996	11	56
K08997	10	145
K08998	1920	254
K08999	663	236
K09000	557	32
K09001	3713	249
K09002	156	122
K09003	425	144
K09004	14	0
K09005	509	203
K09007	464	154
K09011	2283	682
K09013	3674	1479
K09014	5275	2042
K09015	3112	951
K09016	7	70
K09017	2019	477
K09018	12	79
K09019	5	31
K09020	475	129
K09021	26	83
K09022	4159	878
K09023	5	40
K09024	2	30
K09065	682	333
K09117	1994	424
K09118	62	250
K09119	11	1
K09121	826	471
K09123	1170	296
K09124	2185	725
K09125	2615	800
K09128	418	70
K09131	1173	149
K09132	30	8
K09133	297	126
K09136	6052	233
K09137	223	50
K09139	9	0
K09143	16	7
K09144	3548	782
K09145	38	6
K09153	1501	383
K09155	419	46
K09157	3334	1398
K09158	6	30
K09159	1098	53
K09160	194	109
K09161	4	45
K09163	442	142
K09165	0	6
K09181	500	312
K09251	323	149
K09285	25	0
K09287	31	5
K09384	237	24
K09388	240	2
K09456	16	167
K09457	1615	447
K09458	12857	2303
K09459	1173	120
K09469	673	42
K09470	10	53
K09471	10	78
K09472	5	67
K09473	14	65
K09474	61	0
K09475	25	116
K09476	23	116
K09477	24	214
K09482	15	30
K09488	201	28
K09491	103	5
K09500	2124	31
K09516	1088	307
K09523	14	0
K09533	38	0
K09553	14	34
K09569	3	0
K09578	25	0
K09607	6121	1213
K09612	454	291
K09650	2058	687
K09667	198	87
K09680	1327	415
K09681	658	545
K09683	118	31
K09684	679	224
K09685	102	20
K09690	639	386
K09691	732	373
K09692	315	26
K09693	435	90
K09696	170	38
K09697	112	23
K09698	403	231
K09702	1422	799
K09703	120	19
K09704	1525	457
K09705	57	4
K09707	10	36
K09710	3633	789
K09712	0	12
K09729	199	105
K09744	69	2
K09747	2298	614
K09748	4163	1072
K09749	1971	524
K09759	175	94
K09760	7612	1684
K09761	5754	1320
K09762	1855	474
K09765	2701	872
K09766	536	208
K09767	1951	196
K09768	578	257
K09769	931	254
K09770	492	175
K09771	3	32
K09772	1238	621
K09773	163	188
K09774	2986	336
K09775	494	67
K09776	72	0
K09777	497	137
K09778	190	122
K09779	367	92
K09780	921	53
K09781	10	99
K09786	16	115
K09787	771	224
K09788	5	11
K09789	559	24
K09790	121	61
K09791	6	25
K09792	54	110
K09793	324	119
K09794	4	29
K09796	14	0
K09797	2892	565
K09798	548	400
K09799	16	0
K09800	9833	1000
K09801	6	40
K09802	9	43
K09803	258	136
K09806	30	96
K09807	2329	457
K09808	14616	2507
K09809	5800	1159
K09810	4700	860
K09811	6447	1452
K09812	5058	1205
K09815	3293	1348
K09816	2675	1187
K09817	2882	987
K09818	0	9
K09823	12	69
K09824	345	291
K09825	3686	669
K09826	22	0
K09835	105	79
K09857	6	179
K09858	1291	159
K09859	678	210
K09860	1756	175
K09861	1005	638
K09862	1099	50
K09872	491	2
K09880	2	7
K09881	49	0
K09882	2112	38
K09888	1969	410
K09889	1757	89
K09890	2	26
K09891	1854	116
K09892	14	51
K09893	1339	93
K09894	7	101
K09895	1684	101
K09896	12	35
K09897	828	45
K09898	20	19
K09899	1208	86
K09900	3	54
K09901	4	26
K09902	690	34
K09903	6474	1327
K09904	7	37
K09906	0	45
K09907	3	67
K09908	11	60
K09909	9	77
K09910	11	49
K09911	11	75
K09912	6	85
K09913	4	22
K09914	14	79
K09915	5	64
K09916	8	40
K09917	3	18
K09918	5	27
K09920	9	67
K09921	2	63
K09922	1836	225
K09923	8	42
K09925	15	95
K09927	20	87
K09928	108	1
K09933	27	64
K09934	24	122
K09935	1197	146
K09936	184	72
K09937	6	49
K09940	1042	7
K09942	581	146
K09943	7	7
K09944	54	4
K09946	298	55
K09949	481	327
K09951	1949	643
K09952	7706	2077
K09954	2	38
K09955	14422	4198
K09957	74	0
K09960	564	398
K09961	689	621
K09963	29	25
K09968	339	98
K09969	8	181
K09970	21	144
K09971	11	113
K09972	17	136
K09973	422	424
K09974	119	171
K09975	76	52
K09976	22	14
K09978	6	22
K09979	9	51
K09980	11	49
K09982	21	0
K09985	18	59
K09987	28	46
K09988	305	80
K09989	112	48
K09991	0	18
K09992	0	123
K09994	324	28
K09996	11	65
K09997	15	71
K09998	12	65
K09999	4	59
K10000	10	65
K10001	21	78
K10002	10	78
K10003	9	60
K10004	17	83
K10009	191	94
K10010	10	51
K10011	39	171
K10012	815	168
K10013	12	87
K10014	16	89
K10015	4	88
K10016	17	96
K10017	14	59
K10023	6	7
K10026	2508	493
K10027	8	33
K10036	27	80
K10037	10	62
K10038	16	60
K10039	816	36
K10040	1075	76
K10041	619	104
K10088	17	1
K10108	3754	223
K10109	4955	205
K10110	3336	139
K10111	3836	152
K10112	4590	1152
K10117	4079	1024
K10118	2766	636
K10119	2686	742
K10123	11	0
K10124	64	238
K10125	168	206
K10126	52	23
K10188	408	152
K10189	205	95
K10190	172	79
K10192	243	169
K10193	457	136
K10194	254	133
K10200	122	163
K10201	127	144
K10202	125	150
K10206	6782	2464
K10211	5	4
K10212	279	41
K10213	147	98
K10216	87	2
K10227	28	0
K10231	67	17
K10233	7	8
K10237	88	0
K10254	2943	1360
K10325	67	0
K10328	28	5
K10353	53	63
K10439	6817	1618
K10440	2579	537
K10441	2171	777
K10526	24	0
K10532	2681	498
K10536	2634	1092
K10537	18	93
K10538	6	111
K10539	31	135
K10540	2230	741
K10541	1492	656
K10542	1848	662
K10543	240	267
K10544	20	166
K10545	32	218
K10546	2189	152
K10547	1285	146
K10548	1397	147
K10549	7	142
K10550	52	210
K10551	31	254
K10555	20	90
K10556	15	72
K10557	12	44
K10558	39	130
K10562	11	1
K10563	3199	267
K10614	112	0
K10615	147	0
K10670	45	12
K10671	150	22
K10672	159	25
K10673	4	26
K10678	141	194
K10679	997	349
K10680	31	121
K10681	81	6
K10697	62	3
K10706	211	93
K10708	82	210
K10709	74	93
K10710	486	119
K10711	168	79
K10715	282	117
K10716	399	99
K10725	93	3
K10726	39	6
K10742	4177	1068
K10747	2070	170
K10748	15	87
K10761	89	3
K10762	32	2
K10763	2001	88
K10773	4533	1083
K10778	36	69
K10779	54	2
K10780	67	13
K10781	101	11
K10782	44	16
K10793	56	16
K10794	9	1
K10795	19	2
K10796	27	1
K10797	1830	601
K10798	30	11
K10799	24	0
K10800	138	5
K10804	184	187
K10805	12	50
K10806	1646	80
K10819	2378	1085
K10820	0	22
K10823	3308	682
K10824	70	143
K10826	2124	642
K10829	592	336
K10831	13	54
K10834	2132	652
K10841	141	50
K10843	2423	276
K10844	759	193
K10857	416	54
K10858	1	3
K10866	34	3
K10876	0	17
K10896	16	0
K10900	1078	228
K10906	78	227
K10907	3310	756
K10909	1485	324
K10912	3686	24
K10914	2954	478
K10924	5919	35
K10925	2441	18
K10927	2206	18
K10939	53	308
K10941	3917	90
K10942	3245	84
K10943	4578	249
K10947	2345	589
K10954	120	16
K10960	35	0
K10972	40	274
K10973	9	64
K10974	762	225
K10975	29	132
K10977	44	1
K10984	8	56
K10985	10	88
K10986	15	99
K11003	117	349
K11004	864	989
K11016	18	1
K11021	1349	330
K11031	99	46
K11050	1093	163
K11051	1097	209
K11062	122	32
K11065	80	51
K11066	98	90
K11068	2089	772
K11069	4327	1442
K11070	3039	1021
K11071	3283	1056
K11072	4530	1715
K11073	5911	166
K11074	3155	79
K11075	3492	122
K11076	4402	105
K11079	369	8
K11085	14843	2730
K11102	512	374
K11103	484	505
K11104	549	520
K11105	5373	826
K11106	15	120
K11107	3	24
K11127	24	11
K11139	11	60
K11144	85	7
K11145	917	305
K11150	75	64
K11154	8	0
K11165	19	0
K11166	49	24
K11168	8	0
K11170	47	6
K11175	2481	834
K11176	20	0
K11177	11	65
K11178	23	47
K11179	826	45
K11183	412	100
K11184	292	21
K11189	3231	730
K11191	8	52
K11192	8	52
K11198	5	49
K11199	5	49
K11200	5	49
K11201	28	211
K11202	18	188
K11203	23	290
K11206	3346	284
K11208	13	74
K11209	25	144
K11211	3039	36
K11212	76	0
K11214	48	115
K11216	75	176
K11231	5	1
K11249	467	181
K11250	16	78
K11251	24	4
K11258	10	31
K11261	2837	423
K11263	45	27
K11264	16	87
K11293	1010	346
K11312	0	7
K11320	0	67
K11329	6	0
K11332	11	0
K11356	69	93
K11357	595	9
K11358	4049	526
K11381	1455	345
K11382	24	68
K11383	1091	56
K11391	4	84
K11392	3022	936
K11407	59	18
K11427	11	0
K11434	130	13
K11442	0	46
K11443	184	23
K11444	923	207
K11472	3	43
K11473	179	141
K11474	1	37
K11475	500	109
K11476	9	2
K11477	7	41
K11481	3	32
K11493	339	27
K11517	40	75
K11520	33	6
K11521	31	65
K11525	45	1
K11527	2125	611
K11528	30	0
K11529	200	103
K11530	1	50
K11531	28	153
K11534	19	126
K11535	38	147
K11537	823	544
K11538	25	0
K11603	7	0
K11604	0	7
K11605	0	11
K11607	0	8
K11614	496	53
K11615	312	110
K11616	28	5
K11617	151	58
K11618	1335	483
K11622	250	54
K11623	9	0
K11624	52	23
K11626	18	18
K11629	160	15
K11630	75	1
K11633	159	40
K11634	80	16
K11635	15	1
K11638	0	9
K11641	71	0
K11642	162	363
K11643	0	15
K11645	135	143
K11647	59	15
K11654	84	18
K11685	7	52
K11686	14	2
K11688	290	30
K11689	141	130
K11690	628	449
K11691	142	0
K11693	431	178
K11711	146	49
K11712	199	1
K11717	6289	2107
K11718	7	0
K11719	9	100
K11720	7794	1707
K11732	20	160
K11733	21	133
K11734	172	257
K11735	16	144
K11736	24	169
K11737	20	161
K11738	21	92
K11739	22	226
K11740	6	178
K11741	80	133
K11742	2	19
K11743	15	45
K11744	972	431
K11745	22	170
K11746	18	39
K11747	77	189
K11748	344	92
K11749	10934	2339
K11750	3341	150
K11751	8354	1502
K11752	5705	1114
K11753	6673	1217
K11754	8226	1566
K11755	3690	852
K11782	56	25
K11783	8	1
K11784	100	79
K11785	7	5
K11891	17	145
K11892	7	61
K11893	11	51
K11894	90	62
K11895	391	79
K11896	18	162
K11900	848	124
K11901	257	30
K11902	439	0
K11903	289	61
K11904	613	1019
K11905	10	42
K11906	8	42
K11907	1243	74
K11909	0	17
K11910	2	44
K11911	30	188
K11912	4167	1934
K11915	55	7
K11917	1	0
K11920	17	76
K11921	3349	901
K11922	24	85
K11923	46	2
K11924	2365	168
K11925	46	382
K11926	9	74
K11927	1606	408
K11928	6737	1230
K11929	301	161
K11930	13	95
K11931	852	576
K11932	10	57
K11933	7	45
K11934	37	52
K11935	39	206
K11936	743	576
K11937	3	45
K11938	32	193
K11939	2118	111
K11940	6	37
K11941	21	101
K11959	4259	122
K11960	4770	91
K11961	4003	95
K11962	2669	56
K11963	2012	71
K11991	5152	1044
K11997	10	19
K12049	74	194
K12053	2	92
K12056	15	43
K12057	2064	19
K12058	45	66
K12060	2112	44
K12061	1	25
K12063	4488	349
K12064	1584	15
K12065	2481	41
K12067	1196	14
K12068	510	30
K12069	903	5
K12071	3265	65
K12072	2178	21
K12111	85	344
K12112	4	68
K12113	12	145
K12132	21740	5861
K12136	8	59
K12137	426	371
K12138	177	183
K12139	16	118
K12140	214	141
K12141	389	323
K12142	49	150
K12143	11	34
K12144	109	124
K12145	9	41
K12146	17	196
K12147	9	66
K12148	8	30
K12149	22	46
K12151	20	136
K12152	2518	98
K12164	56	0
K12196	357	3
K12234	75	8
K12243	110	95
K12251	2476	722
K12256	1	13
K12257	9210	2757
K12262	18	147
K12264	1494	462
K12265	10	98
K12266	24	123
K12267	1863	467
K12268	197	99
K12269	185	80
K12270	68	48
K12276	5726	43
K12278	3184	98
K12280	2356	12
K12281	1469	3
K12282	5289	26
K12283	2400	24
K12285	2153	20
K12288	12	66
K12289	6	59
K12290	10	69
K12291	14	53
K12297	5568	243
K12299	37	183
K12303	11	98
K12308	6552	2629
K12339	4	80
K12340	8871	1764
K12343	47	21
K12349	0	9
K12368	52	250
K12369	15	105
K12370	18	43
K12371	12	83
K12372	11	95
K12373	17779	4107
K12409	185	4
K12410	5113	1173
K12420	12	0
K12428	2	2
K12440	67	2
K12452	1129	326
K12453	29	0
K12455	48	5
K12460	11	7
K12500	8	68
K12506	1249	296
K12507	34	110
K12508	7	1
K12510	1501	569
K12511	1031	468
K12516	37	376
K12518	103	588
K12519	17	130
K12524	11768	1921
K12525	20	157
K12526	38	0
K12527	980	480
K12528	953	640
K12529	125	69
K12541	376	4
K12543	414	11
K12547	10	0
K12552	6	34
K12553	39	0
K12554	18	1
K12555	569	149
K12573	19025	3141
K12574	4481	1822
K12582	11	120
K12585	7	6
K12589	11	0
K12598	23	0
K12604	5834	1455
K12660	20	73
K12661	16	144
K12678	101	639
K12681	30	219
K12684	113	28
K12685	45	182
K12686	26	84
K12687	13	161
K12700	12	83
K12736	73	7
K12737	44	1
K12741	145	25
K12818	40	90
K12854	549	235
K12867	12	1
K12940	271	108
K12941	532	158
K12942	1945	555
K12943	26	83
K12944	15	55
K12945	15	57
K12950	7213	284
K12952	1342	262
K12953	0	26
K12955	13	3
K12957	18	106
K12960	3773	1196
K12961	12	47
K12962	289	153
K12963	49	58
K12972	208	111
K12973	29	72
K12974	18	86
K12975	49	213
K12981	4	24
K12982	3614	41
K12983	1276	362
K12984	3689	749
K12986	42	109
K12987	60	14
K12988	6	15
K12989	69	7
K12990	113	53
K12992	313	95
K12993	76	0
K12994	1913	228
K12995	784	127
K12996	238	61
K12997	747	571
K12998	372	241
K12999	671	239
K13001	78	74
K13002	1701	747
K13004	1107	64
K13005	56	86
K13006	33	14
K13007	231	95
K13010	3142	817
K13012	576	325
K13013	1424	584
K13014	11	91
K13015	111	102
K13016	66	20
K13017	1122	448
K13018	160	46
K13019	103	2
K13020	781	68
K13021	23	156
K13038	6927	1339
K13043	2455	758
K13049	1825	405
K13051	21	62
K13052	223	98
K13053	10	65
K13057	138	0
K13058	37	131
K13059	1132	353
K13069	404	386
K13108	222	7
K13150	23	37
K13243	39	223
K13244	41	99
K13252	11	3
K13255	11	93
K13256	22	85
K13274	1	8
K13275	1896	22
K13276	40	11
K13277	126	213
K13280	107	204
K13282	98	17
K13283	4257	616
K13288	5	66
K13292	7737	1563
K13298	15	0
K13301	11	81
K13327	31	22
K13342	13	5
K13356	0	20
K13378	2898	942
K13381	54	281
K13409	6	0
K13412	1674	31
K13419	85	33
K13444	3489	1593
K13479	463	134
K13480	5	56
K13481	57	4
K13482	42	34
K13483	10	29
K13497	4218	233
K13498	3365	198
K13500	10	2
K13509	168	0
K13525	1503	242
K13527	11	3
K13529	55	12
K13530	3305	1518
K13532	34	205
K13533	1	10
K13541	47	10
K13542	998	799
K13566	2567	832
K13572	284	78
K13574	10	92
K13581	214	123
K13582	16	0
K13583	17	73
K13584	17	2
K13587	166	31
K13589	15	0
K13590	7282	674
K13598	2036	799
K13599	979	323
K13601	24	1
K13604	89	62
K13607	139	37
K13609	19	2
K13611	205	10
K13612	13	1
K13613	34	9
K13614	164	80
K13620	7	49
K13626	563	97
K13628	7	52
K13629	23	82
K13630	4	26
K13631	470	77
K13632	7	39
K13633	15	36
K13634	41	118
K13635	186	138
K13636	278	98
K13637	373	79
K13638	680	154
K13639	11	55
K13640	209	74
K13641	387	145
K13643	3097	454
K13650	16	76
K13651	7	55
K13652	818	353
K13653	2090	485
K13654	95	90
K13655	6	40
K13663	457	92
K13665	138	0
K13668	175	60
K13676	75	8
K13677	142	11
K13678	566	13
K13683	293	132
K13684	800	28
K13688	2848	846
K13694	404	138
K13695	40	45
K13702	19	0
K13714	9	12
K13727	6	2
K13730	1383	204
K13731	37	11
K13735	237	1102
K13747	2566	689
K13767	10	0
K13770	534	148
K13771	28	93
K13772	106	31
K13774	15	6
K13788	5939	307
K13789	3703	1180
K13794	73	4
K13796	57	59
K13797	8	0
K13798	24	13
K13815	240	69
K13819	3142	174
K13821	38	277
K13829	7	0
K13830	10	4
K13831	76	23
K13832	639	132
K13853	51	0
K13888	3314	208
K13889	115	137
K13890	100	108
K13891	32	103
K13892	23	151
K13893	156	187
K13894	113	97
K13895	83	92
K13896	85	191
K13912	123	4
K13918	20	130
K13921	6	22
K13922	111	73
K13923	37	0
K13924	3605	909
K13926	18	202
K13927	508	36
K13929	242	182
K13930	18	13
K13931	61	10
K13934	121	19
K13938	23	64
K13940	358	108
K13941	8	0
K13953	101	176
K13954	851	422
K13963	2650	523
K13979	7	91
K13983	11	0
K13990	1867	396
K13993	4305	1619
K13995	48	45
K14048	7	10
K14051	1435	314
K14052	74	263
K14053	10	87
K14054	7	69
K14055	2497	97
K14056	619	187
K14057	29	77
K14058	6225	922
K14059	12772	3576
K14060	1354	1173
K14061	15	34
K14062	6919	193
K14063	9	81
K14064	5	43
K14065	8	51
K14080	7	6
K14081	41	7
K14083	54	115
K14084	42	20
K14086	127	165
K14087	28	74
K14088	17	39
K14089	4	39
K14090	81	72
K14091	36	55
K14098	8	4
K14099	16	6
K14100	4	2
K14108	10	2
K14118	10	6
K14127	435	119
K14136	1276	376
K14138	127	47
K14153	3473	62
K14154	39	1
K14155	9320	2117
K14165	11	65
K14168	7	3
K14170	4666	681
K14187	3041	156
K14188	33	0
K14189	236	122
K14194	0	28
K14205	0	128
K14260	3838	381
K14261	291	122
K14273	103	13
K14274	11	0
K14287	8	118
K14326	3	0
K14335	247	13
K14347	10	110
K14348	7	99
K14358	1192	302
K14379	1111	431
K14385	15	16
K14388	967	183
K14392	284	208
K14393	24	226
K14403	133	100
K14414	19	108
K14415	903	493
K14437	44	18
K14439	22	46
K14440	421	57
K14441	10405	2243
K14444	1	0
K14445	10873	3299
K14448	7	8
K14475	170	125
K14487	275	97
K14491	11	29
K14506	9	0
K14521	11	86
K14534	161	207
K14540	1396	722
K14564	17	12
K14572	151	60
K14588	19	151
K14591	77	88
K14597	5	3
K14607	97	18
K14623	3955	1543
K14633	17	15
K14640	1226	392
K14644	510	27
K14645	1676	1316
K14647	86	7
K14652	2824	1448
K14654	68	4
K14656	586	138
K14659	107	0
K14664	118	49
K14665	76	12
K14681	1093	28
K14682	3858	266
K14696	5	1
K14726	21	5
K14730	16	0
K14731	1197	311
K14742	4785	1221
K14744	17	157
K14761	405	186
K14762	9	60
K14777	26	10
K14835	59	43
K14855	0	22
K14940	91	12
K14952	29	45
K14977	70	87
K14979	228	36
K14980	0	10
K14981	109	6
K14982	1177	296
K14983	419	176
K14986	262	219
K14989	31	11
K15011	22	49
K15012	8	0
K15016	46	1
K15022	44	21
K15023	72	25
K15024	763	174
K15034	205	152
K15045	1	70
K15051	1018	316
K15053	0	64
K15125	2269	2001
K15173	2	16
K15192	35	14
K15212	2247	640
K15255	5971	1901
K15256	2066	152
K15257	2022	82
K15260	249	127
K15261	236	58
K15268	633	206
K15269	40	118
K15270	19	35
K15271	0	16
K15289	60	6
K15314	13	2
K15329	85	8
K15333	242	47
K15334	44	2
K15335	13	17
K15338	486	249
K15342	7909	1384
K15357	46	0
K15359	0	11
K15371	43	0
K15372	428	77
K15373	22	20
K15376	161	19
K15378	114	27
K15396	1556	65
K15444	14	9
K15449	14	5
K15460	4804	971
K15461	1826	189
K15474	12	0
K15497	10	9
K15502	27	7
K15505	18	1
K15510	20	0
K15515	62	15
K15518	57	24
K15519	2559	563
K15520	117	0
K15521	124	58
K15523	35	85
K15524	192	518
K15527	701	235
K15529	8	3
K15530	1428	129
K15531	2558	1006
K15532	5863	1728
K15533	488	259
K15534	105	3
K15536	5	70
K15539	192	273
K15540	27	91
K15545	1097	406
K15546	277	12
K15547	15	190
K15548	25	185
K15549	30	264
K15550	31	207
K15551	13	85
K15552	6	25
K15553	141	121
K15554	12	57
K15555	65	14
K15580	5214	1178
K15581	3593	610
K15582	3894	722
K15583	4116	758
K15584	195	293
K15585	128	149
K15586	288	133
K15587	89	141
K15598	103	3
K15599	49	1
K15600	102	10
K15633	13951	2918
K15634	3601	182
K15635	2771	719
K15640	1166	316
K15654	97	13
K15655	281	226
K15657	41	0
K15661	29	0
K15662	52	0
K15663	0	27
K15664	127	0
K15666	0	9
K15667	218	144
K15711	126	34
K15721	104	18
K15722	1	26
K15723	17	87
K15724	6	45
K15725	8	0
K15726	2078	1278
K15727	1147	579
K15734	580	110
K15735	6	64
K15736	8	62
K15737	9	89
K15738	10414	2291
K15770	6979	951
K15771	2119	331
K15772	1391	286
K15773	1402	413
K15777	5	100
K15778	138	5
K15789	34	1
K15827	4	48
K15828	11	145
K15829	7	63
K15830	151	192
K15831	5	60
K15832	5	52
K15833	4	70
K15834	3	52
K15835	60	208
K15836	20	229
K15855	179	29
K15856	176	17
K15859	0	8
K15865	51	6
K15866	211	116
K15870	5	46
K15876	2	4
K15888	11	5
K15889	37	5
K15894	847	96
K15895	38	23
K15896	92	20
K15897	374	22
K15898	148	6
K15899	325	12
K15910	10	7
K15912	100	58
K15913	67	43
K15914	108	70
K15915	870	101
K15920	13	0
K15921	11258	3464
K15922	74	155
K15923	14045	4048
K15924	1398	46
K15971	474	47
K15973	869	169
K15974	10	55
K15976	13	2
K15977	67	142
K15984	2440	126
K15986	3698	621
K15987	4983	1438
K16011	61	1
K16012	18	118
K16013	41	160
K16014	197	135
K16015	25	1
K16017	9	0
K16027	61	10
K16028	17	3
K16043	290	42
K16044	714	490
K16050	23	2
K16051	14	34
K16052	313	121
K16053	1458	916
K16066	1621	480
K16074	120	94
K16076	24	106
K16087	147	38
K16088	30	196
K16089	12706	4191
K16090	32	195
K16091	45	194
K16092	6956	630
K16093	47	98
K16095	39	1
K16120	45	0
K16123	23	0
K16124	66	0
K16128	180	171
K16135	48	142
K16136	9	78
K16137	2215	567
K16138	15	71
K16139	190	137
K16140	26	126
K16147	126	36
K16148	1063	379
K16149	1286	310
K16150	501	272
K16153	4919	1395
K16164	343	90
K16165	28	25
K16176	46	17
K16179	14	7
K16180	7	1
K16181	25	2
K16183	24	32
K16191	857	225
K16203	153	16
K16209	2197	328
K16210	483	91
K16211	3127	1100
K16212	1779	616
K16213	1781	492
K16214	229	146
K16235	16	132
K16238	49	47
K16248	731	182
K16263	26	152
K16264	1430	379
K16267	279	21
K16291	86	108
K16301	16	93
K16302	8	0
K16321	23	146
K16322	46	356
K16324	10	108
K16325	16	116
K16326	5	91
K16327	821	70
K16328	294	273
K16329	457	156
K16345	3508	238
K16346	27	170
K16347	4	27
K16348	8	30
K16363	3079	959
K16365	90	102
K16370	13	86
K16371	18	270
K16394	0	10
K16396	93	1
K16422	6	4
K16424	47	5
K16429	24	1
K16435	14	0
K16436	69	7
K16509	7	0
K16511	242	98
K16514	16	84
K16515	45	0
K16554	1730	662
K16555	44	118
K16559	380	52
K16567	49	0
K16568	383	1
K16571	401	79
K16628	33	0
K16643	67	60
K16649	93	0
K16651	109	119
K16692	2081	701
K16693	29	129
K16695	0	8
K16697	361	0
K16698	2137	680
K16701	920	358
K16702	484	195
K16703	436	104
K16704	4	51
K16710	166	267
K16711	23	82
K16726	102	60
K16783	371	66
K16784	367	75
K16785	4351	1154
K16786	4936	1197
K16787	4916	1336
K16788	226	64
K16789	1057	214
K16792	11	2
K16795	11	2
K16841	314	52
K16868	573	145
K16871	0	14
K16874	13	3
K16876	12	0
K16877	19	2
K16881	681	38
K16898	5839	2534
K16899	2429	1520
K16904	64	9
K16922	657	16
K16923	1208	222
K16924	277	5
K16925	10	0
K16926	1387	271
K16927	290	91
K16929	176	21
K16937	5	14
K16950	52	8
K16951	43	91
K16957	268	217
K16958	164	185
K16959	134	175
K16960	301	224
K17064	79	1
K17073	1248	169
K17074	1036	205
K17076	870	238
K17080	25	29
K17081	150	77
K17103	2466	1029
K17195	58	145
K17202	30	0
K17203	72	10
K17204	6	0
K17206	30	0
K17213	249	110
K17214	14	23
K17215	114	28
K17218	17	27
K17234	65	0
K17235	21	0
K17242	12	0
K17244	70	8
K17245	35	1
K17246	36	0
K17247	13	56
K17248	566	249
K17249	396	224
K17250	105	0
K17251	14	5
K17277	265	85
K17286	1763	659
K17290	10	68
K17292	23	5
K17315	11	1
K17318	3952	543
K17319	2469	306
K17320	2132	263
K17326	23	1
K17329	125	2
K17362	40	3
K17382	217	39
K17398	261	0
K17462	446	34
K17465	0	9
K17467	0	10
K17469	7	2
K17472	449	205
K17473	34	0
K17488	13	2
K17489	62	47
K17490	151	86
K17491	238	53
K17495	62	0
K17497	766	241
K17545	26	0
K17592	23	26
K17609	40	1
K17623	808	127
K17624	90	115
K17675	92	118
K17677	18421	1362
K17680	474	347
K17686	3248	1439
K17713	3977	162
K17716	2225	251
K17717	0	40
K17722	175	173
K17723	443	157
K17724	372	14
K17725	32	58
K17732	4858	1451
K17733	458	162
K17734	4597	831
K17736	21	1
K17737	369	317
K17742	15	1
K17744	129	0
K17752	258	82
K17758	4673	884
K17759	4611	870
K17810	126	7
K17817	0	50
K17818	17	2
K17828	2813	1020
K17830	7	0
K17836	1725	501
K17837	31	23
K17838	0	83
K17850	54	120
K17865	243	0
K17869	42	36
K17870	16	0
K17879	147	79
K17884	164	48
K17892	10	0
K17898	338	9
K17899	90	3
K17938	24	129
K17947	0	143
K17948	76	105
K17992	311	68
K17995	808	78
K17996	767	119
K17997	283	33
K18009	20	66
K18011	363	58
K18012	497	122
K18013	416	31
K18014	217	46
K18015	20	104
K18016	153	53
K18023	20	2
K18028	322	51
K18045	68	7
K18067	135	3
K18073	37	18
K18097	5	13
K18104	157	24
K18118	1315	679
K18119	59	12
K18120	40	80
K18122	850	521
K18135	51	30
K18136	164	4
K18138	13852	1507
K18139	5191	2337
K18140	25	97
K18141	3363	157
K18142	63	390
K18148	3	27
K18189	1892	941
K18195	374	162
K18197	7856	431
K18198	682	101
K18209	11	0
K18210	267	122
K18214	325	260
K18218	6014	2166
K18220	19463	7795
K18231	262	29
K18234	1532	728
K18240	557	30
K18244	273	177
K18285	133	90
K18288	170	138
K18297	43	274
K18298	28	12
K18299	1	13
K18300	69	0
K18301	55	13
K18302	529	268
K18303	784	509
K18309	12	0
K18320	40	230
K18324	30	258
K18325	111	53
K18326	43	279
K18330	453	152
K18331	1922	459
K18332	1611	563
K18335	11	0
K18336	22	32
K18344	744	301
K18345	909	233
K18346	1616	465
K18348	917	453
K18349	2074	865
K18350	2047	553
K18351	104	4
K18352	57	28
K18356	24	0
K18358	4	9
K18359	113	3
K18367	178	64
K18369	3685	1010
K18372	27	1
K18398	44	2
K18422	366	596
K18429	31	42
K18430	34	46
K18431	39	44
K18434	32	1
K18444	67	3
K18445	288	187
K18446	2604	235
K18456	321	55
K18463	5	0
K18471	144	131
K18475	729	543
K18476	236	48
K18478	19	108
K18479	116	125
K18530	94	123
K18531	25	207
K18534	64	1
K18540	57	33
K18546	13	1
K18554	11	5
K18572	4	50
K18577	1042	4
K18578	958	91
K18579	241	13
K18581	1383	194
K18588	17	57
K18604	17	7
K18605	4	18
K18640	1076	408
K18649	1713	570
K18650	1410	326
K18651	51	0
K18652	54	40
K18653	14	6
K18657	7	58
K18660	4	7
K18661	138	83
K18672	4182	1449
K18675	2445	318
K18676	387	94
K18678	480	45
K18682	8126	2848
K18688	98	2
K18691	6695	1059
K18693	20	4
K18697	1032	414
K18698	104	130
K18700	748	244
K18702	175	237
K18703	125	29
K18704	1097	183
K18707	5658	1837
K18740	67	3
K18753	11	0
K18764	10	15
K18765	41	266
K18770	1	10
K18778	345	99
K18779	42	5
K18783	35	0
K18785	1001	233
K18788	29	68
K18800	14	127
K18814	348	184
K18815	48	32
K18816	76	100
K18824	2	10
K18828	544	304
K18829	234	24
K18830	205	47
K18831	1706	442
K18837	17	78
K18838	6	84
K18839	6	48
K18840	5	43
K18843	619	290
K18850	12	80
K18855	418	192
K18856	424	263
K18862	3	33
K18866	317	160
K18882	19	9
K18887	4	2
K18888	7	7
K18889	790	388
K18890	951	392
K18893	4449	60
K18896	92	15
K18898	16	130
K18899	59	322
K18900	178	301
K18901	210	5
K18902	6	0
K18906	15	0
K18907	503	13
K18908	1503	402
K18909	251	14
K18910	87	67
K18912	230	41
K18915	1614	264
K18918	58	43
K18919	1	33
K18920	4	17
K18921	2	19
K18922	4	35
K18926	190	28
K18928	1284	419
K18929	2732	1024
K18930	1564	588
K18939	83	4
K18940	194	165
K18941	220	179
K18942	0	17
K18943	0	13
K18944	0	21
K18945	0	9
K18946	0	17
K18947	0	20
K18948	7	13
K18950	4	8
K18951	0	11
K18954	3965	952
K18959	6	23
K18960	34	87
K18961	1	9
K18962	0	25
K18967	4856	284
K18968	3670	595
K18979	3879	327
K18986	155	8
K18987	142	2
K18988	10	73
K18989	51	37
K18991	353	36
K18992	263	5
K18997	0	33
K19000	2	41
K19001	111	115
K19002	1061	127
K19003	128	106
K19005	209	91
K19036	1858	582
K19044	37	0
K19046	156	81
K19047	0	13
K19048	2	30
K19049	1033	113
K19052	121	32
K19055	1635	386
K19056	32	0
K19060	1	7
K19068	2317	228
K19075	102	13
K19076	328	5
K19078	7	37
K19081	535	158
K19082	253	70
K19088	19	2
K19091	655	88
K19092	481	60
K19113	29	1
K19114	197	53
K19115	532	90
K19116	320	101
K19117	2053	347
K19118	1361	208
K19119	930	131
K19123	399	243
K19124	250	193
K19125	160	150
K19126	207	82
K19127	0	24
K19128	0	32
K19129	2008	52
K19130	1168	41
K19134	274	3
K19137	24	2
K19138	77	77
K19139	259	117
K19140	144	165
K19141	30	0
K19142	855	43
K19143	6	12
K19147	896	294
K19148	1	23
K19155	5	61
K19156	171	58
K19157	3678	872
K19158	509	255
K19159	226	183
K19160	7	49
K19161	3	43
K19162	17	50
K19165	476	144
K19166	443	263
K19167	24	0
K19168	51	130
K19169	162	61
K19170	159	80
K19171	2740	1197
K19172	4406	1199
K19175	765	5
K19179	29	0
K19180	384	197
K19181	502	102
K19188	89	0
K19220	14	19
K19221	2348	330
K19222	1939	367
K19223	276	40
K19224	2257	871
K19225	535	121
K19226	4343	163
K19227	2022	103
K19228	2177	77
K19229	2557	99
K19230	1960	84
K19231	1832	326
K19234	2	111
K19235	2733	121
K19236	6	72
K19238	5	44
K19239	934	429
K19242	175	60
K19244	33	0
K19265	2683	761
K19267	24	81
K19268	471	19
K19269	12	1
K19270	359	354
K19271	1175	246
K19280	39	26
K19285	829	249
K19286	1413	555
K19294	10725	2540
K19295	86	17
K19302	5065	1436
K19303	161	240
K19304	11705	1438
K19307	39	3
K19309	165	37
K19310	142	27
K19312	44	5
K19329	14	35
K19333	226	150
K19334	2952	399
K19335	15	63
K19336	18	97
K19337	3182	306
K19338	821	244
K19339	86	117
K19349	0	101
K19350	610	37
K19353	11973	2852
K19354	778	402
K19355	689	565
K19370	23	0
K19373	5	57
K19405	732	338
K19411	260	167
K19416	93	83
K19417	29	52
K19418	0	21
K19419	258	48
K19421	2629	652
K19422	779	238
K19423	1314	147
K19424	2277	563
K19425	5187	1505
K19426	89	0
K19427	5903	936
K19428	119	8
K19429	86	14
K19430	2991	426
K19431	31	7
K19449	926	386
K19505	71	39
K19506	33	63
K19507	3	15
K19508	11	0
K19510	243	0
K19525	4	0
K19540	19	150
K19548	40	1
K19575	229	24
K19576	573	7
K19577	22	199
K19578	126	128
K19585	21	16
K19587	130	57
K19591	556	157
K19611	58	223
K19641	3	4
K19647	14	0
K19664	5	4
K19668	158	0
K19688	6	50
K19689	2226	372
K19691	17	5
K19692	22	0
K19693	16	0
K19694	8653	2691
K19701	349	40
K19702	48	8
K19709	19	138
K19710	168	6
K19715	94	4
K19736	754	187
K19745	13	98
K19761	5	48
K19775	14	89
K19776	35	199
K19777	7	48
K19778	17	45
K19779	38	0
K19783	1569	511
K19784	8	79
K19789	1619	396
K19797	0	49
K19801	21	2
K19802	1101	519
K19803	213	111
K19804	2298	124
K19810	22	128
K19814	13	76
K19817	144	2
K19824	2855	863
K19854	1432	303
K19876	7	8
K19954	831	234
K19955	1785	571
K19956	739	429
K19967	10	0
K19997	474	503
K20021	2560	810
K20026	118	24
K20035	222	127
K20037	40	32
K20038	39	170
K20074	7432	1254
K20092	340	11
K20103	2	13
K20107	142	172
K20108	142	172
K20116	138	84
K20117	141	93
K20118	141	93
K20151	30	0
K20170	40	9
K20201	388	38
K20265	137	201
K20266	72	0
K20276	3862	366
K20331	284	38
K20333	1671	350
K20339	50	26
K20342	49	0
K20344	756	585
K20345	303	152
K20370	10	0
K20373	74	8
K20415	138	29
K20429	812	289
K20444	7099	1157
K20447	389	34
K20448	42	13
K20451	7	3
K20454	349	112
K20457	1	6
K20459	45	43
K20460	35	56
K20461	78	45
K20469	87	54
K20480	14	0
K20483	226	0
K20485	33	4
K20486	0	31
K20487	1711	915
K20488	1200	541
K20489	341	117
K20490	888	417
K20491	990	431
K20492	914	370
K20509	226	41
K20510	131	28
K20511	130	29
K20525	178	0
K20527	871	76
K20528	329	6
K20529	74	19
K20530	2038	313
K20531	263	34
K20532	795	136
K20533	1004	130
K20534	6209	1463
K20541	1595	300
K20542	452	103
K20543	2536	363
K20608	493	272
K20742	609	224
K20755	8712	79
K20777	138	105
K20780	87	0
K20787	38	6
K20793	123	19
K20794	42	1
K20810	827	265
K20844	102	155
K20846	95	7
K20847	599	251
K20859	11	1
K20861	471	339
K20862	2513	169
K20866	1525	508
K20881	15	82
K20882	34	1
K20883	74	155
K20884	235	100
K20885	104	40
K20893	217	4
K20903	354	100
K20904	84	47
K20918	7	2
K20922	233	21
K20938	37	14
K20945	30	39
K20948	133	15
K20955	163	23
K20956	201	34
K20957	18	7
K20959	42	26
K20960	54	19
K20962	5168	53
K20964	252	0
K20965	106	49
K20966	50	13
K20967	13	2
K20971	1274	599
K20972	2	15
K20973	26	92
K20974	13193	2419
K20977	12	0
K20988	74	65
K20995	57	0
K20997	11	0
K21001	130	0
K21011	197	127
K21012	255	150
K21019	654	183
K21020	249	13
K21021	4605	553
K21022	687	40
K21023	12711	2025
K21024	2253	505
K21028	13	83
K21029	1852	545
K21030	101	45
K21038	274	18
K21039	8	58
K21055	125	0
K21057	9	48
K21063	1446	371
K21064	6085	1661
K21065	12	15
K21071	3516	1386
K21079	30	52
K21084	73	301
K21085	38	131
K21086	22	111
K21087	12	100
K21088	118	281
K21089	12	55
K21090	130	569
K21105	14	1
K21133	23	7
K21134	29	12
K21137	36	0
K21138	0	88
K21140	160	97
K21147	1659	33
K21189	12	0
K21210	48	0
K21211	0	6
K21217	2352	30
K21218	1603	16
K21219	9	2
K21237	336	0
K21238	20	0
K21279	281	0
K21285	12	16
K21303	863	203
K21304	192	2
K21305	169	11
K21306	8	3
K21308	0	10
K21313	65	387
K21364	21	140
K21367	103	13
K21379	136	60
K21392	26	0
K21393	1493	612
K21394	661	173
K21395	1360	940
K21397	651	162
K21399	71	5
K21400	162	15
K21405	700	262
K21416	48	9
K21417	23	10
K21420	24	0
K21430	9	124
K21433	20	63
K21449	4611	1839
K21453	14	4
K21464	132	182
K21465	62	30
K21467	633	181
K21469	1026	549
K21470	5365	663
K21471	20723	5988
K21472	166	7
K21478	145	198
K21486	185	0
K21487	22	0
K21488	15	1
K21493	125	17
K21498	926	449
K21502	96	12
K21511	42	66
K21512	73	160
K21522	0	7
K21523	0	23
K21528	789	413
K21530	0	5
K21531	2	9
K21556	467	247
K21557	3501	1492
K21563	10	34
K21564	1	12
K21567	5	3
K21571	6891	2316
K21572	111890	34967
K21573	120840	39647
K21574	8067	3161
K21575	20055	1827
K21576	59	14
K21577	106	26
K21586	82	0
K21589	26	49
K21592	50	48
K21594	30	100
K21600	848	456
K21602	15	138
K21603	9	5
K21610	5	2
K21611	107	19
K21613	675	30
K21619	253	18
K21621	9	0
K21636	21118	5339
K21637	3	64
K21645	113	105
K21672	478	248
K21678	5	12
K21681	103	32
K21685	9	0
K21686	220	62
K21687	4	54
K21688	225	64
K21695	12	33
K21698	6	108
K21701	1179	151
K21703	280	195
K21711	5	3
K21739	97	366
K21741	12	59
K21742	23	169
K21743	215	194
K21744	559	100
K21745	334	96
K21746	11	57
K21747	21	57
K21749	113	2
K21755	972	249
K21756	199	4
K21757	1134	303
K21778	232	29
K21780	9	0
K21826	37	3
K21829	10	19
K21832	35	56
K21833	26	0
K21834	12	12
K21867	28	25
K21885	258	0
K21898	368	101
K21900	1211	628
K21901	12	70
K21902	222	43
K21903	2919	415
K21905	27	143
K21906	10	110
K21907	5	66
K21908	18	130
K21929	966	475
K21936	6543	1227
K21947	92	0
K21948	16	195
K21949	63	0
K21959	38	99
K21960	205	161
K21961	255	125
K21962	25	96
K21963	12	36
K21964	13	51
K21965	5	56
K21966	12	166
K21967	31	118
K21968	8	51
K21970	347	72
K21972	12	58
K21973	158	87
K21974	2	16
K21975	1	15
K21976	3	37
K21977	24	2
K21989	6	25
K21990	13	113
K21993	662	139
K22007	0	9
K22010	1010	355
K22014	6	50
K22015	32	234
K22024	106	74
K22026	6	4
K22041	8	87
K22042	7	13
K22044	78	198
K22051	38	275
K22074	112	17
K22078	16	0
K22083	12	27
K22099	167	65
K22104	13	120
K22105	18	103
K22106	247	92
K22108	210	62
K22110	25	110
K22111	12	87
K22114	70	0
K22116	204	3
K22129	735	79
K22130	132	143
K22131	13	95
K22132	6073	1423
K22135	17	1
K22148	20	33
K22152	19	6
K22164	13	2
K22166	24	2
K22167	27	6
K22205	732	41
K22210	1093	292
K22213	1971	473
K22214	1902	665
K22223	220	60
K22224	198	16
K22225	65	88
K22226	405	157
K22227	654	434
K22230	2673	521
K22247	58	45
K22250	11	0
K22251	41	0
K22270	2	16
K22278	5466	1544
K22292	1684	14
K22293	922	313
K22298	38	12
K22299	741	230
K22300	47	29
K22304	2	7
K22305	396	138
K22306	36	7
K22310	0	81
K22316	48	7
K22317	72	4
K22318	146	2
K22319	93	5
K22320	44	3
K22339	3	102
K22340	15	0
K22347	72	26
K22372	14	28
K22373	696	286
K22382	22	10
K22387	15	1
K22390	1729	215
K22391	1573	423
K22399	2766	0
K22405	4988	1744
K22408	295	35
K22418	386	93
K22430	198	48
K22431	350	90
K22432	365	106
K22438	173	12
K22441	238	64
K22443	19	122
K22444	15	83
K22446	11	17
K22447	49	16
K22450	287	72
K22451	789	121
K22452	3289	92
K22468	593	196
K22477	430	139
K22480	5	0
K22486	37	91
K22487	4	10
K22488	9	67
K22489	25	3
K22491	3462	91
Unclassified	9212071	2456167
